Column 1,Column 2,Column 3,Column 4,Column 5,Column 6,Column 7,Column 8,Column 9,Column 10,Column 11,Column 12,Column 13,Column 14,Column 15,Column 16,Column 17,Column 18,Column 19,Column 20
,,,,,,,,,,,,,,,,,,,
01-Feb-17,,,,,,,,,,,,,,,,,,,
5044,3|5|7|8|10,4,"$207,430.00",10,,,,,,,,,,,,,,,
02-Feb-17,,,,,,,,,,,,,,,,,,,
5045,10|11|12|13|15,3,$184.00,17,,,,,,,,,,,,,,,
03-Feb-17,,,,,,,,,,,,,,,,,,,
5046,1|9|10|17|18,3,"$182,898.00",9,,,,,,,,,,,,,,,
04-Feb-17,,,,,,,,,,,,,,,,,,,
5047,2|13|15|17|18,4,"$235,640.00",5,,,,,,,,,,,,,,,
06-Feb-17,,,,,,,,,,,,,,,,,,,
5048,2|3|7|16|17,4,"$168,780.00",5,,,,,,,,,,,,,,,
07-Feb-17,,,,,,,,,,,,,,,,,,,
5049,2|9|11|14|18,1,"$160,904.00",4,,,,,,,,,,,,,,,
08-Feb-17,,,,,,,,,,,,,,,,,,,
5050,1|7|9|13|20,1,"$198,204.00",6,,,,,,,,,,,,,,,
09-Feb-17,,,,,,,,,,,,,,,,,,,
5051,1|8|16|17|18,4,"$159,782.00",7,,,,,,,,,,,,,,,
10-Feb-17,,,,,,,,,,,,,,,,,,,
5052,7|10|12|13|17,1,"$167,780.00",7,,,,,,,,,,,,,,,
11-Feb-17,,,,,,,,,,,,,,,,,,,
5053,4|6|7|10|12,3,"$225,068.00",2,,,,,,,,,,,,,,,
13-Feb-17,,,,,,,,,,,,,,,,,,,
5054,3|9|14|16|17,4,"$165,120.00",5,,,,,,,,,,,,,,,
14-Feb-17,,,,,,,,,,,,,,,,,,,
5055,2|3|6|16|20,1,"$151,064.00",4,,,,,,,,,,,,,,,
(adsbygoogle = window.adsbygoogle || []).push({});,,,,,,,,,,,,,,,,,,,
15-Feb-17,,,,,,,,,,,,,,,,,,,
5056,2|4|16|18|20,2,"$206,900.00",10,,,,,,,,,,,,,,,
16-Feb-17,,,,,,,,,,,,,,,,,,,
5057,2|6|11|16|20,3,"$180,004.00",11,,,,,,,,,,,,,,,
17-Feb-17,,,,,,,,,,,,,,,,,,,
5058,5|6|7|13|14,2,"$171,984.00",6,,,,,,,,,,,,,,,
18-Feb-17,,,,,,,,,,,,,,,,,,,
5059,5|7|9|10|13,4,"$235,260.00",6,,,,,,,,,,,,,,,
20-Feb-17,,,,,,,,,,,,,,,,,,,
5060,6|7|11|16|17,2,"$172,776.00",6,,,,,,,,,,,,,,,
21-Feb-17,,,,,,,,,,,,,,,,,,,
5061,3|4|14|15|20,1,"$159,849.00",3,,,,,,,,,,,,,,,
22-Feb-17,,,,,,,,,,,,,,,,,,,
5062,4|7|12|13|16,1,"$211,136.00",16,,,,,,,,,,,,,,,
23-Feb-17,,,,,,,,,,,,,,,,,,,
5063,3|4|8|12|18,3,"$167,680.00",5,,,,,,,,,,,,,,,
24-Feb-17,,,,,,,,,,,,,,,,,,,
5064,5|7|9|10|15,1,"$165,671.00",11,,,,,,,,,,,,,,,
25-Feb-17,,,,,,,,,,,,,,,,,,,
5065,9|10|16|18|20,2,"$224,050.00",10,,,,,,,,,,,,,,,
27-Feb-17,,,,,,,,,,,,,,,,,,,
5066,1|8|9|16|19,3,"$119,605.00",5,,,,,,,,,,,,,,,
28-Feb-17,,,,,,,,,,,,,,,,,,,
5067,4|11|12|18|19,3,"$108,208.00",4,,,,,,,,,,,,,,,
01-Mar-17,,,,,,,,,,,,,,,,,,,
5068,4|6|7|8|15,1,"$173,670.00",6,,,,,,,,,,,,,,,
02-Mar-17,,,,,,,,,,,,,,,,,,,
5069,2|4|5|8|20,2,"$175,605.00",5,,,,,,,,,,,,,,,
03-Mar-17,,,,,,,,,,,,,,,,,,,
5070,2|7|11|12|13,1,"$162,265.00",5,,,,,,,,,,,,,,,
04-Mar-17,,,,,,,,,,,,,,,,,,,
5071,5|14|15|17|20,2,"$212,375.00",5,,,,,,,,,,,,,,,
06-Mar-17,,,,,,,,,,,,,,,,,,,
5072,3|7|15|18|19,4,"$169,833.00",3,,,,,,,,,,,,,,,
07-Mar-17,,,,,,,,,,,,,,,,,,,
5073,4|6|8|13|16,1,"$159,540.00",5,,,,,,,,,,,,,,,
08-Mar-17,,,,,,,,,,,,,,,,,,,
5074,2|9|13|18|19,1,"$179,512.00",8,,,,,,,,,,,,,,,
09-Mar-17,,,,,,,,,,,,,,,,,,,
5075,2|7|11|17|20,2,"$161,352.00",6,,,,,,,,,,,,,,,
10-Mar-17,,,,,,,,,,,,,,,,,,,
5076,4|11|12|13|15,1,"$152,990.00",2,,,,,,,,,,,,,,,
11-Mar-17,,,,,,,,,,,,,,,,,,,
5077,7|9|10|11|13,2,"$203,630.00",14,,,,,,,,,,,,,,,
13-Mar-17,,,,,,,,,,,,,,,,,,,
5078,4|6|8|12|20,2,"$157,762.00",2,,,,,,,,,,,,,,,
14-Mar-17,,,,,,,,,,,,,,,,,,,
5079,7|8|10|11|14,2,"$147,234.00",6,,,,,,,,,,,,,,,
(adsbygoogle = window.adsbygoogle || []).push({});,,,,,,,,,,,,,,,,,,,
15-Mar-17,,,,,,,,,,,,,,,,,,,
5080,1|5|10|11|19,1,"$180,456.00",8,,,,,,,,,,,,,,,
16-Mar-17,,,,,,,,,,,,,,,,,,,
5081,11|13|14|18|20,2,"$176,340.00",6,,,,,,,,,,,,,,,
17-Mar-17,,,,,,,,,,,,,,,,,,,
5082,2|4|10|13|18,1,"$159,624.00",4,,,,,,,,,,,,,,,
18-Mar-17,,,,,,,,,,,,,,,,,,,
5083,1|2|6|11|18,3,"$212,840.00",2,,,,,,,,,,,,,,,
20-Mar-17,,,,,,,,,,,,,,,,,,,
5084,5|8|9|13|15,4,"$152,895.00",5,,,,,,,,,,,,,,,
21-Mar-17,,,,,,,,,,,,,,,,,,,
5085,1|4|11|16|20,1,X,X,,,,,,,,,,,,,,,
22-Mar-17,,,,,,,,,,,,,,,,,,,
5086,2|4|6|10|14,1,"$174,432.00",12,,,,,,,,,,,,,,,
23-Mar-17,,,,,,,,,,,,,,,,,,,
5087,6|8|12|16|18,4,"$149,104.00",8,,,,,,,,,,,,,,,
24-Mar-17,,,,,,,,,,,,,,,,,,,
5088,2|9|10|11|17,1,"$156,608.00",4,,,,,,,,,,,,,,,
25-Mar-17,,,,,,,,,,,,,,,,,,,
5089,5|7|8|15|20,3,"$205,604.00",7,,,,,,,,,,,,,,,
27-Mar-17,,,,,,,,,,,,,,,,,,,
5090,1|3|12|17|20,3,"$160,314.00",6,,,,,,,,,,,,,,,
28-Mar-17,,,,,,,,,,,,,,,,,,,
5091,4|10|12|14|15,1,"$145,376.00",8,,,,,,,,,,,,,,,
29-Mar-17,,,,,,,,,,,,,,,,,,,
5092,11|14|15|18|19,2,"$194,655.00",15,,,,,,,,,,,,,,,
31-Mar-17,,,,,,,,,,,,,,,,,,,
5093,4|6|9|12|17,1,"$177,210.00",6,,,,,,,,,,,,,,,
01-Apr-17,,,,,,,,,,,,,,,,,,,
5094,2|3|5|16|17,2,"$240,219.00",9,,,,,,,,,,,,,,,
03-Apr-17,,,,,,,,,,,,,,,,,,,
5095,1|6|9|13|14,3,"$176,260.00",7,,,,,,,,,,,,,,,
04-Apr-17,,,,,,,,,,,,,,,,,,,
5096,2|5|11|13|19,2,"$159,360.00",12,,,,,,,,,,,,,,,
05-Apr-17,,,,,,,,,,,,,,,,,,,
5097,1|3|9|11|16,3,"$205,464.00",6,,,,,,,,,,,,,,,
06-Apr-17,,,,,,,,,,,,,,,,,,,
5098,2|8|11|16|19,3,"$168,200.00",4,,,,,,,,,,,,,,,
07-Apr-17,,,,,,,,,,,,,,,,,,,
5099,5|7|11|13|18,1,"$158,081.00",7,,,,,,,,,,,,,,,
08-Apr-17,,,,,,,,,,,,,,,,,,,
5100,4|6|12|13|16,3,"$223,380.00",15,,,,,,,,,,,,,,,
10-Apr-17,,,,,,,,,,,,,,,,,,,
5101,2|3|11|12|18,4,"$158,154.00",6,,,,,,,,,,,,,,,
11-Apr-17,,,,,,,,,,,,,,,,,,,
5102,1|2|16|19|20,2,"$149,640.00",6,,,,,,,,,,,,,,,
12-Apr-17,,,,,,,,,,,,,,,,,,,
5103,4|9|10|12|15,2,"$196,090.00",5,,,,,,,,,,,,,,,
13-Apr-17,,,,,,,,,,,,,,,,,,,
5104,6|8|9|10|14,3,"$170,568.00",2,,,,,,,,,,,,,,,
15-Apr-17,,,,,,,,,,,,,,,,,,,
5105,5|7|14|18|19,4,"$219,648.00",11,,,,,,,,,,,,,,,
(adsbygoogle = window.adsbygoogle || []).push({});,,,,,,,,,,,,,,,,,,,
17-Apr-17,,,,,,,,,,,,,,,,,,,
5106,3|10|14|17|19,3,"$125,658.00",6,,,,,,,,,,,,,,,
18-Apr-17,,,,,,,,,,,,,,,,,,,
5107,3|7|12|13|19,1,"$151,698.00",3,,,,,,,,,,,,,,,
19-Apr-17,,,,,,,,,,,,,,,,,,,
5108,1|14|18|19|20,1,"$174,256.00",4,,,,,,,,,,,,,,,
20-Apr-17,,,,,,,,,,,,,,,,,,,
5109,1|2|6|8|11,2,"$160,110.00",10,,,,,,,,,,,,,,,
21-Apr-17,,,,,,,,,,,,,,,,,,,
5110,1|3|6|10|16,1,"$155,274.00",6,,,,,,,,,,,,,,,
22-Apr-17,,,,,,,,,,,,,,,,,,,
5111,9|11|12|14|16,2,"$196,752.00",8,,,,,,,,,,,,,,,
24-Apr-17,,,,,,,,,,,,,,,,,,,
5112,9|10|11|17|19,3,"$145,614.00",6,,,,,,,,,,,,,,,
25-Apr-17,,,,,,,,,,,,,,,,,,,
5113,6|9|16|18|19,1,"$143,808.00",16,,,,,,,,,,,,,,,
26-Apr-17,,,,,,,,,,,,,,,,,,,
5114,1|7|10|11|18,1,"$166,230.00",9,,,,,,,,,,,,,,,
27-Apr-17,,,,,,,,,,,,,,,,,,,
5115,3|4|12|14|16,4,"$157,581.00",9,,,,,,,,,,,,,,,
28-Apr-17,,,,,,,,,,,,,,,,,,,
5116,4|12|14|19|20,4,"$164,748.00",6,,,,,,,,,,,,,,,
29-Apr-17,,,,,,,,,,,,,,,,,,,
5117,3|9|15|16|17,2,"$225,862.00",17,,,,,,,,,,,,,,,
01-May-17,,,,,,,,,,,,,,,,,,,
5118,2|5|7|17|19,2,"$177,507.00",11,,,,,,,,,,,,,,,
02-May-17,,,,,,,,,,,,,,,,,,,
5119,2|3|7|9|18,1,"$160,069.00",7,,,,,,,,,,,,,,,
03-May-17,,,,,,,,,,,,,,,,,,,
5120,4|5|12|17|19,1,"$185,160.00",8,,,,,,,,,,,,,,,
04-May-17,,,,,,,,,,,,,,,,,,,
5121,5|15|17|18|19,4,"$159,535.00",5,,,,,,,,,,,,,,,
05-May-17,,,,,,,,,,,,,,,,,,,
5122,6|7|10|12|14,1,"$152,406.00",6,,,,,,,,,,,,,,,
06-May-17,,,,,,,,,,,,,,,,,,,
5123,2|11|14|16|18,2,"$208,804.00",4,,,,,,,,,,,,,,,
08-May-17,,,,,,,,,,,,,,,,,,,
5124,6|9|11|16|19,4,"$155,116.00",13,,,,,,,,,,,,,,,
09-May-17,,,,,,,,,,,,,,,,,,,
5125,4|5|6|10|11,1,"$139,638.00",6,,,,,,,,,,,,,,,
10-May-17,,,,,,,,,,,,,,,,,,,
5126,2|8|14|18|19,2,"$172,110.00",5,,,,,,,,,,,,,,,
11-May-17,,,,,,,,,,,,,,,,,,,
5127,13|14|15|17|18,2,"$153,360.00",12,,,,,,,,,,,,,,,
12-May-17,,,,,,,,,,,,,,,,,,,
5128,4|7|9|11|12,2,"$138,501.00",9,,,,,,,,,,,,,,,
13-May-17,,,,,,,,,,,,,,,,,,,
5129,4|15|18|19|20,4,"$209,118.00",7,,,,,,,,,,,,,,,
(adsbygoogle = window.adsbygoogle || []).push({});,,,,,,,,,,,,,,,,,,,
15-May-17,,,,,,,,,,,,,,,,,,,
5130,2|4|8|12|15,3,"$159,210.00",10,,,,,,,,,,,,,,,
16-May-17,,,,,,,,,,,,,,,,,,,
5131,3|4|10|13|14,1,"$154,764.00",4,,,,,,,,,,,,,,,
17-May-17,,,,,,,,,,,,,,,,,,,
5132,1|6|7|8|12,2,"$188,934.00",3,,,,,,,,,,,,,,,
18-May-17,,,,,,,,,,,,,,,,,,,
5133,2|5|8|11|18,3,"$164,912.00",4,,,,,,,,,,,,,,,
19-May-17,,,,,,,,,,,,,,,,,,,
5134,7|15|16|18|19,3,"$157,020.00",6,,,,,,,,,,,,,,,
20-May-17,,,,,,,,,,,,,,,,,,,
5135,2|7|15|18|20,3,"$225,090.00",10,,,,,,,,,,,,,,,
22-May-17,,,,,,,,,,,,,,,,,,,
5136,4|9|13|14|20,4,"$159,048.00",6,,,,,,,,,,,,,,,
23-May-17,,,,,,,,,,,,,,,,,,,
5137,3|5|10|14|18,1,"$140,319.00",9,,,,,,,,,,,,,,,
24-May-17,,,,,,,,,,,,,,,,,,,
5138,3|5|9|16|18,1,"$180,950.00",5,,,,,,,,,,,,,,,
25-May-17,,,,,,,,,,,,,,,,,,,
5139,1|2|11|18|20,2,"$153,972.00",7,,,,,,,,,,,,,,,
26-May-17,,,,,,,,,,,,,,,,,,,
5140,3|4|5|7|19,1,"$141,845.00",5,,,,,,,,,,,,,,,
27-May-17,,,,,,,,,,,,,,,,,,,
5141,2|3|4|5|17,3,"$219,600.00",12,,,,,,,,,,,,,,,
(adsbygoogle = window.adsbygoogle || []).push({});,,,,,,,,,,,,,,,,,,,
29-May-17,,,,,,,,,,,,,,,,,,,
5142,4|6|11|12|20,3,"$164,570.00",2,,,,,,,,,,,,,,,
30-May-17,,,,,,,,,,,,,,,,,,,
5143,12|15|16|17|20,4,"$109,148.00",4,,,,,,,,,,,,,,,
31-May-17,,,,,,,,,,,,,,,,,,,
5144,2|7|10|12|13,2,"$194,355.00",7,,,,,,,,,,,,,,,
01-Jun-17,,,,,,,,,,,,,,,,,,,
5145,6|7|12|14|15,4,"$169,029.00",9,,,,,,,,,,,,,,,
02-Jun-17,,,,,,,,,,,,,,,,,,,
5146,2|3|5|6|16,1,"$171,970.00",5,,,,,,,,,,,,,,,
03-Jun-17,,,,,,,,,,,,,,,,,,,
5147,2|6|15|18|20,2,"$237,400.00",10,,,,,,,,,,,,,,,
05-Jun-17,,,,,,,,,,,,,,,,,,,
5148,4|7|11|18|20,4,"$157,833.00",13,,,,,,,,,,,,,,,
06-Jun-17,,,,,,,,,,,,,,,,,,,
5149,2|4|5|6|17,4,"$151,864.00",4,,,,,,,,,,,,,,,
07-Jun-17,,,,,,,,,,,,,,,,,,,
5150,1|5|8|13|18,1,"$202,490.00",5,,,,,,,,,,,,,,,
08-Jun-17,,,,,,,,,,,,,,,,,,,
5151,4|5|8|14|18,4,"$157,554.00",9,,,,,,,,,,,,,,,
09-Jun-17,,,,,,,,,,,,,,,,,,,
5152,4|10|14|19|20,2,"$154,530.00",3,,,,,,,,,,,,,,,
10-Jun-17,,,,,,,,,,,,,,,,,,,
5153,2|4|8|14|15,2,"$157,833.00",13,,,,,,,,,,,,,,,
12-Jun-17,,,,,,,,,,,,,,,,,,,
5154,9|10|12|17|18,3,"$155,838.00",6,,,,,,,,,,,,,,,
13-Jun-17,,,,,,,,,,,,,,,,,,,
5155,12|13|15|18|19,4,"$141,096.00",6,,,,,,,,,,,,,,,
14-Jun-17,,,,,,,,,,,,,,,,,,,
5156,8|9|12|13|15,1,"$205,008.00",4,,,,,,,,,,,,,,,
(adsbygoogle = window.adsbygoogle || []).push({});,,,,,,,,,,,,,,,,,,,
16-Jun-17,,,,,,,,,,,,,,,,,,,
5157,4|10|12|13|16,4,"$166,360.00",10,,,,,,,,,,,,,,,
17-Jun-17,,,,,,,,,,,,,,,,,,,
5158,7|9|11|12|15,4,"$235,884.00",11,,,,,,,,,,,,,,,
19-Jun-17,,,,,,,,,,,,,,,,,,,
5159,8|9|13|16|19,4,"$118,196.00",2,,,,,,,,,,,,,,,
20-Jun-17,,,,,,,,,,,,,,,,,,,
5160,2|5|6|14|19,1,"$113,808.00",4,,,,,,,,,,,,,,,
21-Jun-17,,,,,,,,,,,,,,,,,,,
5161,6|13|15|17|19,1,"$197,793.00",3,,,,,,,,,,,,,,,
22-Jun-17,,,,,,,,,,,,,,,,,,,
5162,4|6|7|12|20,3,"$154,980.00",3,,,,,,,,,,,,,,,
23-Jun-17,,,,,,,,,,,,,,,,,,,
5163,3|9|11|12|13,1,"$152,360.00",8,,,,,,,,,,,,,,,
24-Jun-17,,,,,,,,,,,,,,,,,,,
5164,2|7|17|19|20,2,"$243,738.00",9,,,,,,,,,,,,,,,
27-Jun-17,,,,,,,,,,,,,,,,,,,
5165,3|6|9|16|18,1,"$139,477.00",13,,,,,,,,,,,,,,,
28-Jun-17,,,,,,,,,,,,,,,,,,,
5166,7|10|11|12|18,1,"$154,832.00",8,,,,,,,,,,,,,,,
29-Jun-17,,,,,,,,,,,,,,,,,,,
5167,1|13|14|15|20,4,"$156,332.00",11,,,,,,,,,,,,,,,
30-Jun-17,,,,,,,,,,,,,,,,,,,
5168,10|12|15|17|18,1,"$158,045.00",5,,,,,,,,,,,,,,,
01-Jul-17,,,,,,,,,,,,,,,,,,,
5169,3|6|8|13|18,3,"$210,036.00",12,,,,,,,,,,,,,,,
03-Jul-17,,,,,,,,,,,,,,,,,,,
5170,7|12|14|19|20,3,"$161,132.00",4,,,,,,,,,,,,,,,
04-Jul-17,,,,,,,,,,,,,,,,,,,
5171,8|10|12|15|17,2,"$147,060.00",3,,,,,,,,,,,,,,,
05-Jul-17,,,,,,,,,,,,,,,,,,,
5172,2|6|8|9|20,4,"$172,898.00",11,,,,,,,,,,,,,,,
06-Jul-17,,,,,,,,,,,,,,,,,,,
5173,4|7|9|16|19,2,"$158,052.00",12,,,,,,,,,,,,,,,
07-Jul-17,,,,,,,,,,,,,,,,,,,
5174,2|7|8|12|14,3,"$150,495.00",5,,,,,,,,,,,,,,,
08-Jul-17,,,,,,,,,,,,,,,,,,,
5175,1|5|13|17|19,4,"$206,164.00",4,,,,,,,,,,,,,,,
10-Jul-17,,,,,,,,,,,,,,,,,,,
5176,2|9|13|15|18,3,"$165,672.00",6,,,,,,,,,,,,,,,
11-Jul-17,,,,,,,,,,,,,,,,,,,
5177,4|9|12|16|19,1,"$147,640.00",10,,,,,,,,,,,,,,,
12-Jul-17,,,,,,,,,,,,,,,,,,,
5178,3|6|10|17|19,1,"$164,615.00",5,,,,,,,,,,,,,,,
13-Jul-17,,,,,,,,,,,,,,,,,,,
5179,1|8|13|15|20,2,"$153,648.00",3,,,,,,,,,,,,,,,
14-Jul-17,,,,,,,,,,,,,,,,,,,
5180,5|8|10|15|17,1,"$154,063.00",13,,,,,,,,,,,,,,,
(adsbygoogle = window.adsbygoogle || []).push({});,,,,,,,,,,,,,,,,,,,
15-Jul-17,,,,,,,,,,,,,,,,,,,
5181,6|9|11|18|20,4,"$210,060.00",6,,,,,,,,,,,,,,,
17-Jul-17,,,,,,,,,,,,,,,,,,,
5182,11|13|15|17|19,3,"$175,000.00",35,,,,,,,,,,,,,,,
18-Jul-17,,,,,,,,,,,,,,,,,,,
5183,4|6|7|9|14,1,"$132,675.00",3,,,,,,,,,,,,,,,
19-Jul-17,,,,,,,,,,,,,,,,,,,
5184,3|6|11|14|20,1,"$172,808.00",8,,,,,,,,,,,,,,,
20-Jul-17,,,,,,,,,,,,,,,,,,,
5185,1|3|12|15|17,4,"$148,706.00",2,,,,,,,,,,,,,,,
21-Jul-17,,,,,,,,,,,,,,,,,,,
5186,10|13|15|16|18,1,"$143,412.00",6,,,,,,,,,,,,,,,
22-Jul-17,,,,,,,,,,,,,,,,,,,
5187,2|5|13|17|20,4,"$201,672.00",4,,,,,,,,,,,,,,,
24-Jul-17,,,,,,,,,,,,,,,,,,,
5188,1|2|6|13|16,3,"$162,288.00",2,,,,,,,,,,,,,,,
25-Jul-17,,,,,,,,,,,,,,,,,,,
5189,1|9|13|14|15,1,"$144,075.00",5,,,,,,,,,,,,,,,
26-Jul-17,,,,,,,,,,,,,,,,,,,
5190,4|9|15|16|20,1,"$171,305.00",5,,,,,,,,,,,,,,,
27-Jul-17,,,,,,,,,,,,,,,,,,,
5191,3|7|9|10|15,2,"$150,652.00",4,,,,,,,,,,,,,,,
28-Jul-17,,,,,,,,,,,,,,,,,,,
5192,2|6|12|13|15,3,"$155,551.00",11,,,,,,,,,,,,,,,
29-Jul-17,,,,,,,,,,,,,,,,,,,
5193,3|4|7|10|20,4,"$216,968.00",8,,,,,,,,,,,,,,,
31-Jul-17,,,,,,,,,,,,,,,,,,,
5194,4|7|13|15|20,2,"$166,300.00",10,,,,,,,,,,,,,,,
01-Aug-17,,,,,,,,,,,,,,,,,,,
5195,2|4|5|8|10,1,"$118,255.00",5,,,,,,,,,,,,,,,
02-Aug-17,,,,,,,,,,,,,,,,,,,
5196,1|4|7|16|19,3,"$191,910.00",6,,,,,,,,,,,,,,,
03-Aug-17,,,,,,,,,,,,,,,,,,,
5197,2|3|4|5|14,4,"$162,246.00",7,,,,,,,,,,,,,,,
04-Aug-17,,,,,,,,,,,,,,,,,,,
5198,3|5|12|13|14,1,"$163,220.00",10,,,,,,,,,,,,,,,
05-Aug-17,,,,,,,,,,,,,,,,,,,
5199,1|2|11|16|20,3,"$221,955.00",5,,,,,,,,,,,,,,,
07-Aug-17,,,,,,,,,,,,,,,,,,,
5200,5|8|15|18|19,4,"$161,128.00",8,,,,,,,,,,,,,,,
08-Aug-17,,,,,,,,,,,,,,,,,,,
5201,7|9|16|18|20,2,"$144,873.00",9,,,,,,,,,,,,,,,
09-Aug-17,,,,,,,,,,,,,,,,,,,
5202,2|3|14|17|18,2,"$174,171.00",3,,,,,,,,,,,,,,,
10-Aug-17,,,,,,,,,,,,,,,,,,,
5203,5|7|9|14|20,3,"$151,974.00",6,,,,,,,,,,,,,,,
11-Aug-17,,,,,,,,,,,,,,,,,,,
5204,6|7|9|10|14,1,"$147,800.00",5,,,,,,,,,,,,,,,
12-Aug-17,,,,,,,,,,,,,,,,,,,
5205,2|3|6|9|10,4,"$203,604.00",6,,,,,,,,,,,,,,,
14-Aug-17,,,,,,,,,,,,,,,,,,,
5206,5|7|8|14|19,3,"$145,101.00",11,,,,,,,,,,,,,,,
(adsbygoogle = window.adsbygoogle || []).push({});,,,,,,,,,,,,,,,,,,,
15-Aug-17,,,,,,,,,,,,,,,,,,,
5207,4|9|12|14|18,2,"$135,505.00",5,,,,,,,,,,,,,,,
16-Aug-17,,,,,,,,,,,,,,,,,,,
5208,2|7|10|16|17,3,"$191,808.00",8,,,,,,,,,,,,,,,
17-Aug-17,,,,,,,,,,,,,,,,,,,
5209,3|5|11|13|17,2,"$157,332.00",7,,,,,,,,,,,,,,,
18-Aug-17,,,,,,,,,,,,,,,,,,,
5210,2|9|13|15|20,4,"$156,655.00",5,,,,,,,,,,,,,,,
19-Aug-17,,,,,,,,,,,,,,,,,,,
5211,3|4|5|17|18,4,"$219,008.00",8,,,,,,,,,,,,,,,
21-Aug-17,,,,,,,,,,,,,,,,,,,
5212,2|6|7|9|11,2,"$145,525.00",5,,,,,,,,,,,,,,,
22-Aug-17,,,,,,,,,,,,,,,,,,,
5213,4|5|7|12|17,2,"$138,533.00",1,,,,,,,,,,,,,,,
23-Aug-17,,,,,,,,,,,,,,,,,,,
5214,6|12|15|19|20,1,"$185,080.00",10,,,,,,,,,,,,,,,
24-Aug-17,,,,,,,,,,,,,,,,,,,
5215,1|9|13|14|20,4,"$146,631.00",3,,,,,,,,,,,,,,,
25-Aug-17,,,,,,,,,,,,,,,,,,,
5216,6|9|12|13|18,1,"$163,590.00",6,,,,,,,,,,,,,,,
26-Aug-17,,,,,,,,,,,,,,,,,,,
5217,1|5|10|14|15,3,"$234,190.00",10,,,,,,,,,,,,,,,
28-Aug-17,,,,,,,,,,,,,,,,,,,
5218,6|7|9|12|14,2,"$155,090.00",10,,,,,,,,,,,,,,,
(adsbygoogle = window.adsbygoogle || []).push({});,,,,,,,,,,,,,,,,,,,
29-Aug-17,,,,,,,,,,,,,,,,,,,
5219,1|6|8|11|16,1,"$153,200.00",10,,,,,,,,,,,,,,,
30-Aug-17,,,,,,,,,,,,,,,,,,,
5220,2|4|6|12|16,1,"$210,540.00",12,,,,,,,,,,,,,,,
31-Aug-17,,,,,,,,,,,,,,,,,,,
5221,1|2|4|6|15,2,"$124,216.00",4,,,,,,,,,,,,,,,
01-Sep-17,,,,,,,,,,,,,,,,,,,
5222,1|6|9|10|13,4,"$168,984.00",6,,,,,,,,,,,,,,,
02-Sep-17,,,,,,,,,,,,,,,,,,,
5223,3|5|7|11|16,3,"$245,025.00",9,,,,,,,,,,,,,,,
04-Sep-17,,,,,,,,,,,,,,,,,,,
5224,5|9|14|18|19,3,"$163,638.00",6,,,,,,,,,,,,,,,
05-Sep-17,,,,,,,,,,,,,,,,,,,
5225,7|12|13|16|18,3,"$159,528.00",8,,,,,,,,,,,,,,,
06-Sep-17,,,,,,,,,,,,,,,,,,,
5226,2|7|8|15|19,1,"$205,112.00",8,,,,,,,,,,,,,,,
07-Sep-17,,,,,,,,,,,,,,,,,,,
5227,4|5|9|12|15,2,"$156,276.00",3,,,,,,,,,,,,,,,
08-Sep-17,,,,,,,,,,,,,,,,,,,
5228,2|8|11|14|16,2,"$155,624.00",7,,,,,,,,,,,,,,,
09-Sep-17,,,,,,,,,,,,,,,,,,,
5229,10|11|12|17|18,4,"$238,992.00",13,,,,,,,,,,,,,,,
11-Sep-17,,,,,,,,,,,,,,,,,,,
5230,7|9|14|19|20,3,"$150,520.00",5,,,,,,,,,,,,,,,
12-Sep-17,,,,,,,,,,,,,,,,,,,
5231,2|4|15|16|18,3,"$145,245.00",5,,,,,,,,,,,,,,,
13-Sep-17,,,,,,,,,,,,,,,,,,,
5232,7|12|15|16|20,1,"$165,786.00",3,,,,,,,,,,,,,,,
14-Sep-17,,,,,,,,,,,,,,,,,,,
5233,6|8|9|13|15,2,"$149,904.00",4,,,,,,,,,,,,,,,
(adsbygoogle = window.adsbygoogle || []).push({});,,,,,,,,,,,,,,,,,,,
15-Sep-17,,,,,,,,,,,,,,,,,,,
5234,2|3|7|12|18,4,"$165,656.00",4,,,,,,,,,,,,,,,
16-Sep-17,,,,,,,,,,,,,,,,,,,
5235,7|11|12|15|16,2,"$214,570.00",10,,,,,,,,,,,,,,,
18-Sep-17,,,,,,,,,,,,,,,,,,,
5236,3|9|11|13|18,3,"$162,296.00",4,,,,,,,,,,,,,,,
19-Sep-17,,,,,,,,,,,,,,,,,,,
5237,3|4|5|8|11,2,"$143,792.00",8,,,,,,,,,,,,,,,
20-Sep-17,,,,,,,,,,,,,,,,,,,
5238,6|9|11|15|18,2,"$171,297.00",7,,,,,,,,,,,,,,,
21-Sep-17,,,,,,,,,,,,,,,,,,,
5239,2|5|8|13|15,3,"$151,827.00",13,,,,,,,,,,,,,,,
22-Sep-17,,,,,,,,,,,,,,,,,,,
5240,2|4|8|11|18,1,"$159,668.00",4,,,,,,,,,,,,,,,
23-Sep-17,,,,,,,,,,,,,,,,,,,
5241,1|3|8|13|14,2,"$210,133.00",7,,,,,,,,,,,,,,,
25-Sep-17,,,,,,,,,,,,,,,,,,,
5242,3|5|7|14|16,3,"$118,344.00",8,,,,,,,,,,,,,,,
26-Sep-17,,,,,,,,,,,,,,,,,,,
5243,8|12|14|15|18,3,"$145,369.00",7,,,,,,,,,,,,,,,
27-Sep-17,,,,,,,,,,,,,,,,,,,
5244,1|8|9|13|16,3,"$180,384.00",6,,,,,,,,,,,,,,,
28-Sep-17,,,,,,,,,,,,,,,,,,,
5245,3|7|10|12|16,3,"$160,228.00",4,,,,,,,,,,,,,,,
29-Sep-17,,,,,,,,,,,,,,,,,,,
5246,4|8|9|12|16,1,"$169,984.00",8,,,,,,,,,,,,,,,
30-Sep-17,,,,,,,,,,,,,,,,,,,
5247,5|6|8|9|17,3,"$216,636.00",7,,,,,,,,,,,,,,,
02-Oct-17,,,,,,,,,,,,,,,,,,,
5248,13|16|18|19|20,4,"$165,930.00",10,,,,,,,,,,,,,,,
03-Oct-17,,,,,,,,,,,,,,,,,,,
5249,5|6|10|12|14,1,"$145,146.00",6,,,,,,,,,,,,,,,
04-Oct-17,,,,,,,,,,,,,,,,,,,
5250,1|2|3|13|20,4,"$170,863.00",7,,,,,,,,,,,,,,,
05-Oct-17,,,,,,,,,,,,,,,,,,,
5251,10|11|12|16|18,2,"$153,270.00",5,,,,,,,,,,,,,,,
06-Oct-17,,,,,,,,,,,,,,,,,,,
5252,3|7|9|11|16,1,"$142,911.00",3,,,,,,,,,,,,,,,
07-Oct-17,,,,,,,,,,,,,,,,,,,
5253,1|7|8|18|19,3,"$210,280.00",8,,,,,,,,,,,,,,,
09-Oct-17,,,,,,,,,,,,,,,,,,,
5254,2|7|12|13|14,3,"$151,764.00",3,,,,,,,,,,,,,,,
10-Oct-17,,,,,,,,,,,,,,,,,,,
5255,1|5|6|10|11,1,"$208,283.00",2,,,,,,,,,,,,,,,
11-Oct-17,,,,,,,,,,,,,,,,,,,
5256,3|8|12|13|20,3,"$169,030.00",5,,,,,,,,,,,,,,,
12-Oct-17,,,,,,,,,,,,,,,,,,,
5257,1|5|9|17|20,4,"$156,978.00",6,,,,,,,,,,,,,,,
13-Oct-17,,,,,,,,,,,,,,,,,,,
5258,4|10|14|16|17,1,"$150,060.00",3,,,,,,,,,,,,,,,
14-Oct-17,,,,,,,,,,,,,,,,,,,
5259,4|6|10|11|12,4,"$207,992.00",8,,,,,,,,,,,,,,,
(adsbygoogle = window.adsbygoogle || []).push({});,,,,,,,,,,,,,,,,,,,
16-Oct-17,,,,,,,,,,,,,,,,,,,
5260,5|13|15|17|20,3,"$155,496.00",4,,,,,,,,,,,,,,,
17-Oct-17,,,,,,,,,,,,,,,,,,,
5261,2|5|11|13|14,1,"$159,672.00",2,,,,,,,,,,,,,,,
19-Oct-17,,,,,,,,,,,,,,,,,,,
5262,2|8|11|13|18,3,"$150,848.00",8,,,,,,,,,,,,,,,
20-Oct-17,,,,,,,,,,,,,,,,,,,
5263,9|10|13|16|20,4,"$146,325.00",3,,,,,,,,,,,,,,,
21-Oct-17,,,,,,,,,,,,,,,,,,,
5264,1|8|10|11|16,2,"$213,070.00",5,,,,,,,,,,,,,,,
23-Oct-17,,,,,,,,,,,,,,,,,,,
5265,4|11|13|16|18,2,"$152,244.00",4,,,,,,,,,,,,,,,
24-Oct-17,,,,,,,,,,,,,,,,,,,
5266,1|6|7|17|20,2,"$141,224.00",2,,,,,,,,,,,,,,,
25-Oct-17,,,,,,,,,,,,,,,,,,,
5267,5|14|17|18|19,1,"$182,556.00",4,,,,,,,,,,,,,,,
26-Oct-17,,,,,,,,,,,,,,,,,,,
5268,4|8|12|15|20,2,"$154,990.00",5,,,,,,,,,,,,,,,
27-Oct-17,,,,,,,,,,,,,,,,,,,
5269,5|6|14|19|20,1,"$153,222.00",6,,,,,,,,,,,,,,,
28-Oct-17,,,,,,,,,,,,,,,,,,,
5270,6|7|8|9|17,2,"$221,800.00",10,,,,,,,,,,,,,,,
30-Oct-17,,,,,,,,,,,,,,,,,,,
5271,4|8|13|15|17,3,"$163,992.00",4,,,,,,,,,,,,,,,
31-Oct-17,,,,,,,,,,,,,,,,,,,
5272,4|5|6|13|18,1,"$165,628.00",4,,,,,,,,,,,,,,,
01-Nov-17,,,,,,,,,,,,,,,,,,,
5273,2|11|14|18|19,3,"$208,665.00",5,,,,,,,,,,,,,,,
02-Nov-17,,,,,,,,,,,,,,,,,,,
5274,4|6|8|9|17,4,X,X,,,,,,,,,,,,,,,
03-Nov-17,,,,,,,,,,,,,,,,,,,
5275,9|10|11|12|16,1,"$172,460.00",10,,,,,,,,,,,,,,,
04-Nov-17,,,,,,,,,,,,,,,,,,,
5276,3|4|7|8|11,3,"$227,461.00",13,,,,,,,,,,,,,,,
06-Nov-17,,,,,,,,,,,,,,,,,,,
5277,3|5|6|15|16,4,"$170,960.00",8,,,,,,,,,,,,,,,
07-Nov-17,,,,,,,,,,,,,,,,,,,
5278,4|5|10|12|19,4,"$161,220.00",10,,,,,,,,,,,,,,,
08-Nov-17,,,,,,,,,,,,,,,,,,,
5279,3|5|10|16|20,1,X,X,,,,,,,,,,,,,,,
09-Nov-17,,,,,,,,,,,,,,,,,,,
5280,1|5|14|16|19,2,"$205,565.00",5,,,,,,,,,,,,,,,
10-Nov-17,,,,,,,,,,,,,,,,,,,
5281,2|9|12|13|20,1,"$162,438.00",6,,,,,,,,,,,,,,,
11-Nov-17,,,,,,,,,,,,,,,,,,,
5282,4|6|11|16|18,2,"$230,304.00",12,,,,,,,,,,,,,,,
13-Nov-17,,,,,,,,,,,,,,,,,,,
5283,3|9|10|12|13,2,"$158,952.00",4,,,,,,,,,,,,,,,
14-Nov-17,,,,,,,,,,,,,,,,,,,
5284,2|5|9|14|18,1,"$153,012.00",6,,,,,,,,,,,,,,,
(adsbygoogle = window.adsbygoogle || []).push({});,,,,,,,,,,,,,,,,,,,
15-Nov-17,,,,,,,,,,,,,,,,,,,
5285,2|5|8|9|15,1,"$171,552.00",8,,,,,,,,,,,,,,,
16-Nov-17,,,,,,,,,,,,,,,,,,,
5286,2|5|13|14|20,3,"$170,452.00",4,,,,,,,,,,,,,,,
17-Nov-17,,,,,,,,,,,,,,,,,,,
5287,5|6|8|15|18,1,"$160,504.00",8,,,,,,,,,,,,,,,
18-Nov-17,,,,,,,,,,,,,,,,,,,
5288,3|6|12|17|18,3,"$209,888.00",7,,,,,,,,,,,,,,,
20-Nov-17,,,,,,,,,,,,,,,,,,,
5289,1|2|8|17|18,3,"$157,626.00",6,,,,,,,,,,,,,,,
21-Nov-17,,,,,,,,,,,,,,,,,,,
5290,1|5|6|16|18,4,"$144,055.00",1,,,,,,,,,,,,,,,
22-Nov-17,,,,,,,,,,,,,,,,,,,
5291,8|9|13|14|17,2,"$182,190.00",6,,,,,,,,,,,,,,,
23-Nov-17,,,,,,,,,,,,,,,,,,,
5292,3|16|17|18|20,3,"$165,450.00",5,,,,,,,,,,,,,,,
24-Nov-17,,,,,,,,,,,,,,,,,,,
5293,5|11|12|13|19,4,"$160,476.00",6,,,,,,,,,,,,,,,
25-Nov-17,,,,,,,,,,,,,,,,,,,
5294,3|6|7|16|19,3,X,X,,,,,,,,,,,,,,,
27-Nov-17,,,,,,,,,,,,,,,,,,,
5295,2|6|7|9|12,3,"$156,834.00",6,,,,,,,,,,,,,,,
28-Nov-17,,,,,,,,,,,,,,,,,,,
5296,3|5|14|17|18,4,X,X,,,,,,,,,,,,,,,
29-Nov-17,,,,,,,,,,,,,,,,,,,
5297,1|3|7|9|11,2,"$191,412.00",9,,,,,,,,,,,,,,,
30-Nov-17,,,,,,,,,,,,,,,,,,,
5298,4|5|8|11|16,2,X,X,,,,,,,,,,,,,,,
01-Dec-17,,,,,,,,,,,,,,,,,,,
5299,2|4|7|13|19,1,X,X,,,,,,,,,,,,,,,
02-Dec-17,,,,,,,,,,,,,,,,,,,
5300,4|7|10|13|14,2,"$220,209.00",11,,,,,,,,,,,,,,,
04-Dec-17,,,,,,,,,,,,,,,,,,,
5301,2|4|5|11|20,2,"$165,540.00",6,,,,,,,,,,,,,,,
05-Dec-17,,,,,,,,,,,,,,,,,,,
5302,4|7|13|14|18,1,"$146,836.00",4,,,,,,,,,,,,,,,
06-Dec-17,,,,,,,,,,,,,,,,,,,
5303,1|4|15|17|20,3,"$180,520.00",8,,,,,,,,,,,,,,,
07-Dec-17,,,,,,,,,,,,,,,,,,,
5304,2|3|8|10|13,4,"$159,040.00",5,,,,,,,,,,,,,,,
08-Dec-17,,,,,,,,,,,,,,,,,,,
5305,1|4|6|9|19,2,"$154,725.00",5,,,,,,,,,,,,,,,
09-Dec-17,,,,,,,,,,,,,,,,,,,
5306,4|5|7|12|13,3,"$210,707.00",7,,,,,,,,,,,,,,,
11-Dec-17,,,,,,,,,,,,,,,,,,,
5307,1|11|12|15|19,4,"$160,276.00",4,,,,,,,,,,,,,,,
12-Dec-17,,,,,,,,,,,,,,,,,,,
5308,4|9|11|17|18,1,"$156,087.00",3,,,,,,,,,,,,,,,
13-Dec-17,,,,,,,,,,,,,,,,,,,
5309,1|5|11|14|19,1,"$178,848.00",9,,,,,,,,,,,,,,,
14-Dec-17,,,,,,,,,,,,,,,,,,,
5310,4|5|9|11|19,2,"$167,755.00",7,,,,,,,,,,,,,,,
(adsbygoogle = window.adsbygoogle || []).push({});,,,,,,,,,,,,,,,,,,,
15-Dec-17,,,,,,,,,,,,,,,,,,,
5311,6|7|9|10|15,4,"$165,888.00",9,,,,,,,,,,,,,,,
16-Dec-17,,,,,,,,,,,,,,,,,,,
5312,1|3|9|13|19,3,"$238,833.00",17,,,,,,,,,,,,,,,
18-Dec-17,,,,,,,,,,,,,,,,,,,
5313,1|3|5|6|8,3,"$179,741.00",17,,,,,,,,,,,,,,,
19-Dec-17,,,,,,,,,,,,,,,,,,,
5314,1|3|7|9|14,1,"$167,520.00",6,,,,,,,,,,,,,,,
20-Dec-17,,,,,,,,,,,,,,,,,,,
5315,1|5|12|13|15,1,"$196,590.00",6,,,,,,,,,,,,,,,
21-Dec-17,,,,,,,,,,,,,,,,,,,
5316,4|9|12|17|20,2,"$186,795.00",9,,,,,,,,,,,,,,,
22-Dec-17,,,,,,,,,,,,,,,,,,,
5317,1|2|4|16|18,2,"$174,230.00",5,,,,,,,,,,,,,,,
23-Dec-17,,,,,,,,,,,,,,,,,,,
5318,1|3|5|15|17,4,"$218,834.00",14,,,,,,,,,,,,,,,
26-Dec-17,,,,,,,,,,,,,,,,,,,
5319,5|14|15|16|18,4,"$116,984.00",4,,,,,,,,,,,,,,,
27-Dec-17,,,,,,,,,,,,,,,,,,,
5320,2|3|11|14|18,2,"$178,752.00",6,,,,,,,,,,,,,,,
28-Dec-17,,,,,,,,,,,,,,,,,,,
5321,3|6|7|16|17,2,"$165,348.00",6,,,,,,,,,,,,,,,
29-Dec-17,,,,,,,,,,,,,,,,,,,
5322,7|9|13|19|20,4,X,X,,,,,,,,,,,,,,,
30-Dec-17,,,,,,,,,,,,,,,,,,,
5323,4|7|8|15|16,3,"$235,785.00",11,,,,,,,,,,,,,,,
02-Jan-17,,,,,,,,,,,,,,,,,,,
5018,1|3|7|14|17,4,"$127,120.00",4,,,,,,,,,,,,,,,
03-Jan-17,,,,,,,,,,,,,,,,,,,
5019,1|7|14|16|18,4,"$157,395.00",3,,,,,,,,,,,,,,,
04-Jan-17,,,,,,,,,,,,,,,,,,,
5020,2|7|13|14|19,1,"$185,365.00",5,,,,,,,,,,,,,,,
05-Jan-17,,,,,,,,,,,,,,,,,,,
5021,2|3|5|10|12,3,"$165,042.00",6,,,,,,,,,,,,,,,
06-Jan-17,,,,,,,,,,,,,,,,,,,
5022,1|10|14|18|20,2,"$168,520.00",5,,,,,,,,,,,,,,,
07-Jan-17,,,,,,,,,,,,,,,,,,,
5023,5|7|9|11|18,3,"$216,700.00",10,,,,,,,,,,,,,,,
09-Jan-17,,,,,,,,,,,,,,,,,,,
5024,4|15|16|17|20,3,"$165,440.00",10,,,,,,,,,,,,,,,
10-Jan-17,,,,,,,,,,,,,,,,,,,
5025,1|4|5|10|20,4,"$152,202.00",2,,,,,,,,,,,,,,,
11-Jan-17,,,,,,,,,,,,,,,,,,,
5026,1|4|10|13|18,1,"$184,365.00",3,,,,,,,,,,,,,,,
12-Jan-17,,,,,,,,,,,,,,,,,,,
5027,2|3|9|11|14,4,"$167,670.00",6,,,,,,,,,,,,,,,
13-Jan-17,,,,,,,,,,,,,,,,,,,
5028,8|12|14|16|18,4,"$168,696.00",8,,,,,,,,,,,,,,,
14-Jan-17,,,,,,,,,,,,,,,,,,,
5029,1|4|5|6|7,2,"$225,470.00",14,,,,,,,,,,,,,,,
(adsbygoogle = window.adsbygoogle || []).push({});,,,,,,,,,,,,,,,,,,,
16-Jan-17,,,,,,,,,,,,,,,,,,,
5030,1|5|8|9|10,4,"$183,516.00",6,,,,,,,,,,,,,,,
17-Jan-17,,,,,,,,,,,,,,,,,,,
5031,2|3|5|6|18,1,"$169,200.00",10,,,,,,,,,,,,,,,
18-Jan-17,,,,,,,,,,,,,,,,,,,
5032,3|7|9|15|18,2,"$190,730.00",10,,,,,,,,,,,,,,,
19-Jan-17,,,,,,,,,,,,,,,,,,,
5033,5|6|14|15|18,2,"$176,099.94",0,,,,,,,,,,,,,,,
20-Jan-17,,,,,,,,,,,,,,,,,,,
5034,5|8|9|11|13,4,"$171,042.00",6,,,,,,,,,,,,,,,
21-Jan-17,,,,,,,,,,,,,,,,,,,
5035,8|9|10|12|15,2,"$222,540.00",10,,,,,,,,,,,,,,,
23-Jan-17,,,,,,,,,,,,,,,,,,,
5036,4|9|10|12|18,2,"$172,878.00",6,,,,,,,,,,,,,,,
24-Jan-17,,,,,,,,,,,,,,,,,,,
5037,2|3|8|10|20,3,"$157,360.00",4,,,,,,,,,,,,,,,
25-Jan-17,,,,,,,,,,,,,,,,,,,
5038,10|11|13|16|18,1,"$193,506.00",6,,,,,,,,,,,,,,,
26-Jan-17,,,,,,,,,,,,,,,,,,,
5039,8|9|12|14|18,2,"$166,068.00",9,,,,,,,,,,,,,,,
27-Jan-17,,,,,,,,,,,,,,,,,,,
5040,1|7|12|15|16,1,"$165,842.00",2,,,,,,,,,,,,,,,
28-Jan-17,,,,,,,,,,,,,,,,,,,
5041,1|9|10|13|14,4,"$223,944.00",6,,,,,,,,,,,,,,,
30-Jan-17,,,,,,,,,,,,,,,,,,,
5042,1|6|15|17|18,3,"$171,850.00",5,,,,,,,,,,,,,,,
31-Jan-17,,,,,,,,,,,,,,,,,,,
5043,1|6|8|15|20,3,"$159,670.00",7,,,,,,,,,,,,,,,
02-Apr-18,,,,,,,,,,,,,,,,,,,
5400,3|5|15|18|20,2,"$128,648.00",2,,,,,,,,,,,,,,,
03-Apr-18,,,,,,,,,,,,,,,,,,,
5401,7|8|9|11|18,1,"$162,445.00",5,,,,,,,,,,,,,,,
04-Apr-18,,,,,,,,,,,,,,,,,,,
5402,10|15|17|19|20,1,"$187,670.00",10,,,,,,,,,,,,,,,
05-Apr-18,,,,,,,,,,,,,,,,,,,
5403,4|6|7|13|19,2,"$165,702.00",3,,,,,,,,,,,,,,,
06-Apr-18,,,,,,,,,,,,,,,,,,,
5404,1|4|7|13|14,4,"$156,765.00",7,,,,,,,,,,,,,,,
07-Apr-18,,,,,,,,,,,,,,,,,,,
5405,2|4|9|15|16,2,"$219,936.00",8,,,,,,,,,,,,,,,
09-Apr-18,,,,,,,,,,,,,,,,,,,
5406,5|6|8|9|16,2,"$155,220.00",6,,,,,,,,,,,,,,,
10-Apr-18,,,,,,,,,,,,,,,,,,,
5407,9|10|13|15|18,4,"$146,070.00",6,,,,,,,,,,,,,,,
11-Apr-18,,,,,,,,,,,,,,,,,,,
5408,2|7|13|14|18,3,"$171,870.00",6,,,,,,,,,,,,,,,
12-Apr-18,,,,,,,,,,,,,,,,,,,
5409,2|6|7|13|18,2,"$154,920.00",8,,,,,,,,,,,,,,,
13-Apr-18,,,,,,,,,,,,,,,,,,,
5410,3|4|9|15|17,3,"$162,075.00",15,,,,,,,,,,,,,,,
14-Apr-18,,,,,,,,,,,,,,,,,,,
5411,4|5|12|14|16,4,X,X,,,,,,,,,,,,,,,
(adsbygoogle = window.adsbygoogle || []).push({});,,,,,,,,,,,,,,,,,,,
15-Apr-18,,,,,,,,,,,,,,,,,,,
5412,2|3|6|14|15,2,"$164,920.00",10,,,,,,,,,,,,,,,
17-Apr-18,,,,,,,,,,,,,,,,,,,
5413,1|5|13|15|19,4,"$153,288.00",9,,,,,,,,,,,,,,,
18-Apr-18,,,,,,,,,,,,,,,,,,,
5414,2|8|12|13|14,3,"$183,608.00",8,,,,,,,,,,,,,,,
19-Apr-18,,,,,,,,,,,,,,,,,,,
5415,4|6|11|12|16,2,"$159,489.00",11,,,,,,,,,,,,,,,
20-Apr-18,,,,,,,,,,,,,,,,,,,
5416,1|3|5|6|12,1,"$155,400.00",6,,,,,,,,,,,,,,,
21-Apr-18,,,,,,,,,,,,,,,,,,,
5417,1|4|8|10|14,4,"$207,750.00",10,,,,,,,,,,,,,,,
23-Apr-18,,,,,,,,,,,,,,,,,,,
5418,2|3|15|17|18,4,"$154,553.00",7,,,,,,,,,,,,,,,
24-Apr-18,,,,,,,,,,,,,,,,,,,
5419,3|4|10|11|19,4,"$145,380.00",6,,,,,,,,,,,,,,,
25-Apr-18,,,,,,,,,,,,,,,,,,,
5420,4|7|9|14|15,2,"$178,820.00",4,,,,,,,,,,,,,,,
26-Apr-18,,,,,,,,,,,,,,,,,,,
5421,6|8|15|19|20,4,"$157,968.00",9,,,,,,,,,,,,,,,
27-Apr-18,,,,,,,,,,,,,,,,,,,
5422,4|5|6|14|18,4,"$153,124.00",4,,,,,,,,,,,,,,,
28-Apr-18,,,,,,,,,,,,,,,,,,,
5423,4|7|9|15|19,2,"$214,242.00",14,,,,,,,,,,,,,,,
30-Apr-18,,,,,,,,,,,,,,,,,,,
5424,7|8|10|12|17,2,"$165,282.00",6,,,,,,,,,,,,,,,
01-Aug-18,,,,,,,,,,,,,,,,,,,
5502,1|5|12|15|17,3,"$186,984.00",8,,,,,,,,,,,,,,,
02-Aug-18,,,,,,,,,,,,,,,,,,,
5503,5|11|15|18|19,2,"$170,616.00",6,,,,,,,,,,,,,,,
03-Aug-18,,,,,,,,,,,,,,,,,,,
5504,5|7|8|12|20,1,"$164,304.00",4,,,,,,,,,,,,,,,
04-Aug-18,,,,,,,,,,,,,,,,,,,
5505,4|16|17|18|19,3,"$210,000.00",42,,,,,,,,,,,,,,,
06-Aug-18,,,,,,,,,,,,,,,,,,,
5506,5|6|7|8|9,4,"$220,000.00",44,,,,,,,,,,,,,,,
07-Aug-18,,,,,,,,,,,,,,,,,,,
5507,1|4|5|12|17,1,"$153,696.00",8,,,,,,,,,,,,,,,
08-Aug-18,,,,,,,,,,,,,,,,,,,
5508,5|7|8|13|18,1,"$174,652.00",4,,,,,,,,,,,,,,,
09-Aug-18,,,,,,,,,,,,,,,,,,,
5509,1|3|4|14|19,4,"$148,100.00",4,,,,,,,,,,,,,,,
10-Aug-18,,,,,,,,,,,,,,,,,,,
5510,9|12|13|14|15,1,"$153,804.00",7,,,,,,,,,,,,,,,
11-Aug-18,,,,,,,,,,,,,,,,,,,
5511,2|4|6|8|20,3,"$211,514.00",17,,,,,,,,,,,,,,,
13-Aug-18,,,,,,,,,,,,,,,,,,,
5512,2|6|12|18|20,2,"$143,950.00",5,,,,,,,,,,,,,,,
14-Aug-18,,,,,,,,,,,,,,,,,,,
5513,2|3|4|5|9,4,"$132,660.00",10,,,,,,,,,,,,,,,
(adsbygoogle = window.adsbygoogle || []).push({});,,,,,,,,,,,,,,,,,,,
15-Aug-18,,,,,,,,,,,,,,,,,,,
5514,6|7|8|18|19,3,"$171,270.00",10,,,,,,,,,,,,,,,
16-Aug-18,,,,,,,,,,,,,,,,,,,
5515,7|11|14|15|18,4,"$162,389.00",1,,,,,,,,,,,,,,,
17-Aug-18,,,,,,,,,,,,,,,,,,,
5516,1|3|16|19|20,3,"$163,912.00",4,,,,,,,,,,,,,,,
18-Aug-18,,,,,,,,,,,,,,,,,,,
5517,1|2|4|9|19,2,"$213,880.00",10,,,,,,,,,,,,,,,
20-Aug-18,,,,,,,,,,,,,,,,,,,
5518,1|9|13|14|15,3,"$154,978.00",2,,,,,,,,,,,,,,,
21-Aug-18,,,,,,,,,,,,,,,,,,,
5519,3|5|8|9|11,4,"$134,760.00",10,,,,,,,,,,,,,,,
22-Aug-18,,,,,,,,,,,,,,,,,,,
5520,7|9|10|13|18,1,"$174,506.00",2,,,,,,,,,,,,,,,
23-Aug-18,,,,,,,,,,,,,,,,,,,
5521,5|6|8|10|18,3,"$154,175.00",7,,,,,,,,,,,,,,,
24-Aug-18,,,,,,,,,,,,,,,,,,,
5522,4|5|9|16|18,1,"$160,674.00",6,,,,,,,,,,,,,,,
25-Aug-18,,,,,,,,,,,,,,,,,,,
5523,1|3|9|16|17,4,"$214,533.00",9,,,,,,,,,,,,,,,
27-Aug-18,,,,,,,,,,,,,,,,,,,
5524,2|6|13|14|17,2,"$151,743.00",3,,,,,,,,,,,,,,,
28-Aug-18,,,,,,,,,,,,,,,,,,,
5525,1|2|8|14|19,1,"$142,010.00",1,,,,,,,,,,,,,,,
(adsbygoogle = window.adsbygoogle || []).push({});,,,,,,,,,,,,,,,,,,,
29-Aug-18,,,,,,,,,,,,,,,,,,,
5526,1|2|10|12|20,1,"$181,016.00",11,,,,,,,,,,,,,,,
30-Aug-18,,,,,,,,,,,,,,,,,,,
5527,5|7|8|11|19,4,"$177,471.00",9,,,,,,,,,,,,,,,
31-Aug-18,,,,,,,,,,,,,,,,,,,
5528,4|7|9|15|19,1,"$132,111.00",7,,,,,,,,,,,,,,,
01-Dec-18,,,,,,,,,,,,,,,,,,,
5606,2|3|4|10|13,4,"$226,260.00",9,,,,,,,,,,,,,,,
03-Dec-18,,,,,,,,,,,,,,,,,,,
5607,1|3|9|11|18,2,"$186,192.00",12,,,,,,,,,,,,,,,
04-Dec-18,,,,,,,,,,,,,,,,,,,
5608,1|6|10|11|20,3,"$162,096.00",3,,,,,,,,,,,,,,,
05-Dec-18,,,,,,,,,,,,,,,,,,,
5609,1|3|10|12|20,1,"$195,544.00",8,,,,,,,,,,,,,,,
06-Dec-18,,,,,,,,,,,,,,,,,,,
5610,1|9|10|18|19,2,"$171,358.00",11,,,,,,,,,,,,,,,
07-Dec-18,,,,,,,,,,,,,,,,,,,
5611,1|8|10|15|20,1,"$162,880.00",8,,,,,,,,,,,,,,,
08-Dec-18,,,,,,,,,,,,,,,,,,,
5612,4|7|10|19|20,2,"$226,096.00",8,,,,,,,,,,,,,,,
10-Dec-18,,,,,,,,,,,,,,,,,,,
5613,1|3|8|12|16,4,"$164,836.00",4,,,,,,,,,,,,,,,
11-Dec-18,,,,,,,,,,,,,,,,,,,
5614,2|3|7|10|20,3,"$153,255.00",5,,,,,,,,,,,,,,,
12-Dec-18,,,,,,,,,,,,,,,,,,,
5615,4|6|7|12|18,2,"$186,651.00",9,,,,,,,,,,,,,,,
13-Dec-18,,,,,,,,,,,,,,,,,,,
5616,1|7|11|13|14,2,"$160,951.00",7,,,,,,,,,,,,,,,
14-Dec-18,,,,,,,,,,,,,,,,,,,
5617,9|10|11|14|19,3,"$165,911.00",1,,,,,,,,,,,,,,,
(adsbygoogle = window.adsbygoogle || []).push({});,,,,,,,,,,,,,,,,,,,
15-Dec-18,,,,,,,,,,,,,,,,,,,
5618,7|10|11|16|18,4,"$237,720.00",7,,,,,,,,,,,,,,,
17-Dec-18,,,,,,,,,,,,,,,,,,,
5619,1|5|10|14|18,3,"$182,650.00",5,,,,,,,,,,,,,,,
18-Dec-18,,,,,,,,,,,,,,,,,,,
5620,2|5|7|13|17,4,"$166,000.00",8,,,,,,,,,,,,,,,
19-Dec-18,,,,,,,,,,,,,,,,,,,
5621,9|10|14|17|20,4,"$208,552.00",8,,,,,,,,,,,,,,,
20-Dec-18,,,,,,,,,,,,,,,,,,,
5622,1|11|13|19|20,2,"$189,371.00",7,,,,,,,,,,,,,,,
21-Dec-18,,,,,,,,,,,,,,,,,,,
5623,2|8|14|18|20,1,"$181,470.00",3,,,,,,,,,,,,,,,
22-Dec-18,,,,,,,,,,,,,,,,,,,
5624,2|6|11|12|20,4,"$242,145.00",9,,,,,,,,,,,,,,,
24-Dec-18,,,,,,,,,,,,,,,,,,,
5625,2|5|10|16|17,2,"$196,370.00",10,,,,,,,,,,,,,,,
26-Dec-18,,,,,,,,,,,,,,,,,,,
5626,4|12|13|18|20,4,"$150,636.00",3,,,,,,,,,,,,,,,
27-Dec-18,,,,,,,,,,,,,,,,,,,
5627,4|11|12|16|20,3,"$165,114.00",3,,,,,,,,,,,,,,,
28-Dec-18,,,,,,,,,,,,,,,,,,,
5628,11|14|16|17|18,1,"$171,640.00",10,,,,,,,,,,,,,,,
29-Dec-18,,,,,,,,,,,,,,,,,,,
5629,2|9|11|13|17,4,"$236,214.00",11,,,,,,,,,,,,,,,
31-Dec-18,,,,,,,,,,,,,,,,,,,
5630,1|2|5|9|19,4,"$192,628.00",4,,,,,,,,,,,,,,,
01-Feb-18,,,,,,,,,,,,,,,,,,,
5351,1|2|6|10|15,4,"$176,910.00",6,,,,,,,,,,,,,,,
02-Feb-18,,,,,,,,,,,,,,,,,,,
5352,3|6|8|9|16,1,"$167,020.00",4,,,,,,,,,,,,,,,
03-Feb-18,,,,,,,,,,,,,,,,,,,
5353,10|11|15|16|19,2,"$247,510.00",10,,,,,,,,,,,,,,,
05-Feb-18,,,,,,,,,,,,,,,,,,,
5354,7|14|15|16|19,3,"$173,340.00",5,,,,,,,,,,,,,,,
06-Feb-18,,,,,,,,,,,,,,,,,,,
5355,1|2|4|7|19,1,"$159,782.00",7,,,,,,,,,,,,,,,
07-Feb-18,,,,,,,,,,,,,,,,,,,
5356,3|7|8|10|17,1,"$200,520.00",10,,,,,,,,,,,,,,,
08-Feb-18,,,,,,,,,,,,,,,,,,,
5357,5|6|9|13|17,2,"$174,348.00",6,,,,,,,,,,,,,,,
09-Feb-18,,,,,,,,,,,,,,,,,,,
5358,1|3|7|17|19,1,"$157,955.00",7,,,,,,,,,,,,,,,
10-Feb-18,,,,,,,,,,,,,,,,,,,
5359,1|5|10|17|19,2,X,X,,,,,,,,,,,,,,,
12-Feb-18,,,,,,,,,,,,,,,,,,,
5360,9|14|17|18|20,2,"$104,155.00",5,,,,,,,,,,,,,,,
13-Feb-18,,,,,,,,,,,,,,,,,,,
5361,3|7|9|16|19,2,"$92,524.00",4,,,,,,,,,,,,,,,
14-Feb-18,,,,,,,,,,,,,,,,,,,
5362,1|4|9|10|11,1,"$178,108.00",7,,,,,,,,,,,,,,,
(adsbygoogle = window.adsbygoogle || []).push({});,,,,,,,,,,,,,,,,,,,
15-Feb-18,,,,,,,,,,,,,,,,,,,
5363,4|11|12|15|18,2,"$151,578.00",6,,,,,,,,,,,,,,,
16-Feb-18,,,,,,,,,,,,,,,,,,,
5364,1|5|8|16|19,1,"$171,948.00",7,,,,,,,,,,,,,,,
17-Feb-18,,,,,,,,,,,,,,,,,,,
5365,1|15|16|17|19,2,"$233,450.00",7,,,,,,,,,,,,,,,
19-Feb-18,,,,,,,,,,,,,,,,,,,
5366,2|5|6|16|19,4,"$154,112.00",7,,,,,,,,,,,,,,,
20-Feb-18,,,,,,,,,,,,,,,,,,,
5367,1|2|9|13|14,4,"$147,900.00",3,,,,,,,,,,,,,,,
21-Feb-18,,,,,,,,,,,,,,,,,,,
5368,2|7|11|12|20,1,"$205,933.00",13,,,,,,,,,,,,,,,
22-Feb-18,,,,,,,,,,,,,,,,,,,
5369,1|6|9|15|20,4,"$154,854.00",6,,,,,,,,,,,,,,,
23-Feb-18,,,,,,,,,,,,,,,,,,,
5370,2|7|10|12|15,3,"$154,740.00",6,,,,,,,,,,,,,,,
24-Feb-18,,,,,,,,,,,,,,,,,,,
5371,2|6|10|18|20,4,"$251,710.00",10,,,,,,,,,,,,,,,
26-Feb-18,,,,,,,,,,,,,,,,,,,
5372,10|11|13|15|18,3,"$162,589.00",7,,,,,,,,,,,,,,,
27-Feb-18,,,,,,,,,,,,,,,,,,,
5373,7|8|10|11|13,1,"$160,880.00",8,,,,,,,,,,,,,,,
28-Feb-18,,,,,,,,,,,,,,,,,,,
5374,3|8|12|17|19,1,"$235,912.00",8,,,,,,,,,,,,,,,
01-Jan-18,,,,,,,,,,,,,,,,,,,
5324,1|4|7|11|13,4,"$116,088.00",12,,,,,,,,,,,,,,,
02-Jan-18,,,,,,,,,,,,,,,,,,,
5325,5|7|8|10|18,1,"$161,151.00",3,,,,,,,,,,,,,,,
03-Jan-18,,,,,,,,,,,,,,,,,,,
5326,10|12|17|18|19,1,"$190,620.00",9,,,,,,,,,,,,,,,
04-Jan-18,,,,,,,,,,,,,,,,,,,
5327,1|6|7|11|15,3,"$167,274.00",7,,,,,,,,,,,,,,,
05-Jan-18,,,,,,,,,,,,,,,,,,,
5328,8|9|11|13|19,1,"$163,370.00",10,,,,,,,,,,,,,,,
06-Jan-18,,,,,,,,,,,,,,,,,,,
5329,3|6|8|10|14,4,"$222,129.00",9,,,,,,,,,,,,,,,
08-Jan-18,,,,,,,,,,,,,,,,,,,
5330,2|11|13|14|15,2,"$164,796.00",1,,,,,,,,,,,,,,,
09-Jan-18,,,,,,,,,,,,,,,,,,,
5331,1|3|8|10|17,4,"$152,276.00",2,,,,,,,,,,,,,,,
10-Jan-18,,,,,,,,,,,,,,,,,,,
5332,11|12|15|18|19,1,"$187,036.00",4,,,,,,,,,,,,,,,
11-Jan-18,,,,,,,,,,,,,,,,,,,
5333,6|7|8|11|14,4,"$154,629.00",3,,,,,,,,,,,,,,,
12-Jan-18,,,,,,,,,,,,,,,,,,,
5334,1|2|4|5|14,1,"$157,310.00",2,,,,,,,,,,,,,,,
13-Jan-18,,,,,,,,,,,,,,,,,,,
5335,4|9|10|17|19,2,"$215,739.00",9,,,,,,,,,,,,,,,
(adsbygoogle = window.adsbygoogle || []).push({});,,,,,,,,,,,,,,,,,,,
15-Jan-18,,,,,,,,,,,,,,,,,,,
5336,1|6|12|14|19,3,"$151,437.00",11,,,,,,,,,,,,,,,
16-Jan-18,,,,,,,,,,,,,,,,,,,
5337,1|3|5|9|10,1,"$155,976.00",6,,,,,,,,,,,,,,,
17-Jan-18,,,,,,,,,,,,,,,,,,,
5338,4|7|8|10|12,4,"$191,424.00",8,,,,,,,,,,,,,,,
18-Jan-18,,,,,,,,,,,,,,,,,,,
5339,1|5|9|18|19,3,"$167,010.00",10,,,,,,,,,,,,,,,
19-Jan-18,,,,,,,,,,,,,,,,,,,
5340,5|6|7|18|20,1,"$152,944.00",8,,,,,,,,,,,,,,,
20-Jan-18,,,,,,,,,,,,,,,,,,,
5341,1|14|15|16|18,3,"$228,193.00",7,,,,,,,,,,,,,,,
22-Jan-18,,,,,,,,,,,,,,,,,,,
5342,3|9|11|15|19,3,"$153,576.00",9,,,,,,,,,,,,,,,
23-Jan-18,,,,,,,,,,,,,,,,,,,
5343,4|6|8|11|20,2,"$145,369.00",7,,,,,,,,,,,,,,,
24-Jan-18,,,,,,,,,,,,,,,,,,,
5344,11|16|17|18|19,1,"$195,432.00",8,,,,,,,,,,,,,,,
25-Jan-18,,,,,,,,,,,,,,,,,,,
5345,2|4|13|18|19,4,"$170,541.00",3,,,,,,,,,,,,,,,
26-Jan-18,,,,,,,,,,,,,,,,,,,
5346,7|9|12|16|18,2,"$162,296.00",8,,,,,,,,,,,,,,,
27-Jan-18,,,,,,,,,,,,,,,,,,,
5347,2|7|9|12|14,3,"$230,928.00",12,,,,,,,,,,,,,,,
(adsbygoogle = window.adsbygoogle || []).push({});,,,,,,,,,,,,,,,,,,,
29-Jan-18,,,,,,,,,,,,,,,,,,,
5348,4|15|17|19|20,3,"$166,458.00",6,,,,,,,,,,,,,,,
30-Jan-18,,,,,,,,,,,,,,,,,,,
5349,6|7|9|12|13,1,"$157,465.00",7,,,,,,,,,,,,,,,
31-Jan-18,,,,,,,,,,,,,,,,,,,
5350,4|6|8|10|19,1,"$205,645.00",5,,,,,,,,,,,,,,,
02-Jul-18,,,,,,,,,,,,,,,,,,,
5476,2|4|5|6|13,4,"$174,700.00",10,,,,,,,,,,,,,,,
03-Jul-18,,,,,,,,,,,,,,,,,,,
5477,1|2|3|19|20,1,"$161,622.00",18,,,,,,,,,,,,,,,
04-Jul-18,,,,,,,,,,,,,,,,,,,
5478,14|16|18|19|20,3,"$207,045.00",15,,,,,,,,,,,,,,,
05-Jul-18,,,,,,,,,,,,,,,,,,,
5479,2|7|14|16|17,2,"$172,648.00",8,,,,,,,,,,,,,,,
06-Jul-18,,,,,,,,,,,,,,,,,,,
5480,4|9|15|19|20,2,"$167,864.00",8,,,,,,,,,,,,,,,
07-Jul-18,,,,,,,,,,,,,,,,,,,
5481,8|11|14|18|20,3,"$245,025.00",5,,,,,,,,,,,,,,,
09-Jul-18,,,,,,,,,,,,,,,,,,,
5482,5|10|11|14|18,2,"$161,196.00",7,,,,,,,,,,,,,,,
10-Jul-18,,,,,,,,,,,,,,,,,,,
5483,5|8|10|13|17,4,"$151,375.00",5,,,,,,,,,,,,,,,
11-Jul-18,,,,,,,,,,,,,,,,,,,
5484,10|13|14|16|18,2,"$199,400.00",8,,,,,,,,,,,,,,,
12-Jul-18,,,,,,,,,,,,,,,,,,,
5485,6|8|10|12|14,3,"$166,264.00",14,,,,,,,,,,,,,,,
13-Jul-18,,,,,,,,,,,,,,,,,,,
5486,3|4|9|12|15,2,"$168,217.00",7,,,,,,,,,,,,,,,
14-Jul-18,,,,,,,,,,,,,,,,,,,
5487,3|9|11|14|19,4,"$253,272.00",12,,,,,,,,,,,,,,,
(adsbygoogle = window.adsbygoogle || []).push({});,,,,,,,,,,,,,,,,,,,
16-Jul-18,,,,,,,,,,,,,,,,,,,
5488,1|6|7|11|13,2,"$173,810.00",5,,,,,,,,,,,,,,,
17-Jul-18,,,,,,,,,,,,,,,,,,,
5489,1|11|12|14|19,1,"$161,824.00",8,,,,,,,,,,,,,,,
18-Jul-18,,,,,,,,,,,,,,,,,,,
5490,2|4|6|17|20,1,"$205,793.00",7,,,,,,,,,,,,,,,
19-Jul-18,,,,,,,,,,,,,,,,,,,
5491,3|14|17|19|20,3,"$158,064.00",6,,,,,,,,,,,,,,,
20-Jul-18,,,,,,,,,,,,,,,,,,,
5492,4|6|8|13|15,1,"$168,522.00",6,,,,,,,,,,,,,,,
21-Jul-18,,,,,,,,,,,,,,,,,,,
5493,8|9|10|13|20,2,"$247,485.00",7,,,,,,,,,,,,,,,
23-Jul-18,,,,,,,,,,,,,,,,,,,
5494,4|7|11|14|17,2,"$260,000.00",52,,,,,,,,,,,,,,,
24-Jul-18,,,,,,,,,,,,,,,,,,,
5495,2|8|10|11|18,1,"$148,644.00",4,,,,,,,,,,,,,,,
25-Jul-18,,,,,,,,,,,,,,,,,,,
5496,2|3|6|12|15,4,"$204,822.00",6,,,,,,,,,,,,,,,
26-Jul-18,,,,,,,,,,,,,,,,,,,
5497,1|3|5|12|15,3,"$160,450.00",10,,,,,,,,,,,,,,,
27-Jul-18,,,,,,,,,,,,,,,,,,,
5498,4|5|13|14|17,1,"$163,590.00",7,,,,,,,,,,,,,,,
28-Jul-18,,,,,,,,,,,,,,,,,,,
5499,2|3|5|7|17,4,"$255,160.00",8,,,,,,,,,,,,,,,
30-Jul-18,,,,,,,,,,,,,,,,,,,
5500,3|5|6|7|11,3,"$165,138.00",6,,,,,,,,,,,,,,,
31-Jul-18,,,,,,,,,,,,,,,,,,,
5501,1|5|7|9|17,1,"$174,034.00",14,,,,,,,,,,,,,,,
01-Jun-18,,,,,,,,,,,,,,,,,,,
5451,6|8|17|18|19,1,"$167,325.00",5,,,,,,,,,,,,,,,
02-Jun-18,,,,,,,,,,,,,,,,,,,
5452,3|9|10|13|17,4,"$222,750.00",3,,,,,,,,,,,,,,,
04-Jun-18,,,,,,,,,,,,,,,,,,,
5453,3|4|5|8|9,4,"$157,300.00",13,,,,,,,,,,,,,,,
05-Jun-18,,,,,,,,,,,,,,,,,,,
5454,4|12|15|17|18,3,"$155,744.00",8,,,,,,,,,,,,,,,
06-Jun-18,,,,,,,,,,,,,,,,,,,
5455,5|7|12|18|20,1,"$184,163.00",7,,,,,,,,,,,,,,,
07-Jun-18,,,,,,,,,,,,,,,,,,,
5456,1|4|13|14|19,4,"$156,612.00",4,,,,,,,,,,,,,,,
08-Jun-18,,,,,,,,,,,,,,,,,,,
5457,3|7|11|14|15,1,"$153,150.00",10,,,,,,,,,,,,,,,
09-Jun-18,,,,,,,,,,,,,,,,,,,
5458,1|8|10|16|17,2,"$219,618.00",9,,,,,,,,,,,,,,,
11-Jun-18,,,,,,,,,,,,,,,,,,,
5459,9|13|15|17|18,4,"$149,976.00",1,,,,,,,,,,,,,,,
12-Jun-18,,,,,,,,,,,,,,,,,,,
5460,3|7|8|12|14,1,"$144,408.00",6,,,,,,,,,,,,,,,
13-Jun-18,,,,,,,,,,,,,,,,,,,
5461,1|6|15|17|20,2,"$182,253.00",3,,,,,,,,,,,,,,,
14-Jun-18,,,,,,,,,,,,,,,,,,,
5462,5|8|15|17|18,4,X,X,,,,,,,,,,,,,,,
(adsbygoogle = window.adsbygoogle || []).push({});,,,,,,,,,,,,,,,,,,,
16-Jun-18,,,,,,,,,,,,,,,,,,,
5463,2|4|7|10|11,2,"$232,512.00",14,,,,,,,,,,,,,,,
18-Jun-18,,,,,,,,,,,,,,,,,,,
5464,1|8|12|17|18,3,"$165,290.00",5,,,,,,,,,,,,,,,
19-Jun-18,,,,,,,,,,,,,,,,,,,
5465,1|2|10|13|20,1,"$112,224.00",8,,,,,,,,,,,,,,,
20-Jun-18,,,,,,,,,,,,,,,,,,,
5466,1|4|15|19|20,1,"$175,242.00",3,,,,,,,,,,,,,,,
21-Jun-18,,,,,,,,,,,,,,,,,,,
5467,1|3|7|8|10,4,"$147,544.00",8,,,,,,,,,,,,,,,
22-Jun-18,,,,,,,,,,,,,,,,,,,
5468,1|2|7|15|16,1,"$147,540.00",5,,,,,,,,,,,,,,,
23-Jun-18,,,,,,,,,,,,,,,,,,,
5469,1|7|15|19|20,3,"$221,554.00",7,,,,,,,,,,,,,,,
25-Jun-18,,,,,,,,,,,,,,,,,,,
5470,2|6|8|9|11,4,"$154,854.00",7,,,,,,,,,,,,,,,
26-Jun-18,,,,,,,,,,,,,,,,,,,
5471,4|14|17|18|20,1,"$145,703.00",1,,,,,,,,,,,,,,,
27-Jun-18,,,,,,,,,,,,,,,,,,,
5472,5|7|10|11|16,4,"$174,162.00",6,,,,,,,,,,,,,,,
28-Jun-18,,,,,,,,,,,,,,,,,,,
5473,1|5|10|11|17,2,"$165,384.00",2,,,,,,,,,,,,,,,
29-Jun-18,,,,,,,,,,,,,,,,,,,
5474,1|5|7|15|20,1,"$168,575.00",11,,,,,,,,,,,,,,,
30-Jun-18,,,,,,,,,,,,,,,,,,,
5475,2|5|11|14|17,3,"$236,140.00",10,,,,,,,,,,,,,,,
01-Mar-18,,,,,,,,,,,,,,,,,,,
5375,6|7|9|15|18,3,"$189,415.00",5,,,,,,,,,,,,,,,
02-Mar-18,,,,,,,,,,,,,,,,,,,
5376,2|4|6|12|17,1,"$188,300.00",4,,,,,,,,,,,,,,,
03-Mar-18,,,,,,,,,,,,,,,,,,,
5377,5|6|9|15|17,3,"$282,370.00",17,,,,,,,,,,,,,,,
05-Mar-18,,,,,,,,,,,,,,,,,,,
5378,7|13|15|18|19,3,"$170,448.00",8,,,,,,,,,,,,,,,
06-Mar-18,,,,,,,,,,,,,,,,,,,
5379,9|11|13|15|16,2,"$163,155.00",5,,,,,,,,,,,,,,,
07-Mar-18,,,,,,,,,,,,,,,,,,,
5380,3|4|11|14|15,1,"$238,540.00",5,,,,,,,,,,,,,,,
08-Mar-18,,,,,,,,,,,,,,,,,,,
5381,2|4|6|9|17,4,"$172,206.00",3,,,,,,,,,,,,,,,
09-Mar-18,,,,,,,,,,,,,,,,,,,
5382,1|3|11|14|16,1,"$172,470.00",6,,,,,,,,,,,,,,,
10-Mar-18,,,,,,,,,,,,,,,,,,,
5383,2|9|10|14|18,2,"$263,844.00",14,,,,,,,,,,,,,,,
12-Mar-18,,,,,,,,,,,,,,,,,,,
5384,2|5|10|11|17,2,"$148,830.00",6,,,,,,,,,,,,,,,
13-Mar-18,,,,,,,,,,,,,,,,,,,
5385,6|8|11|12|14,1,"$135,177.00",7,,,,,,,,,,,,,,,
14-Mar-18,,,,,,,,,,,,,,,,,,,
5386,2|13|14|15|16,1,"$160,632.00",8,,,,,,,,,,,,,,,
(adsbygoogle = window.adsbygoogle || []).push({});,,,,,,,,,,,,,,,,,,,
15-Mar-18,,,,,,,,,,,,,,,,,,,
5387,2|5|7|12|18,4,"$158,415.00",5,,,,,,,,,,,,,,,
16-Mar-18,,,,,,,,,,,,,,,,,,,
5388,2|9|10|13|20,2,"$171,920.00",5,,,,,,,,,,,,,,,
17-Mar-18,,,,,,,,,,,,,,,,,,,
5389,2|4|9|10|13,4,"$211,404.00",12,,,,,,,,,,,,,,,
19-Mar-18,,,,,,,,,,,,,,,,,,,
5390,4|5|10|15|16,3,"$155,463.00",7,,,,,,,,,,,,,,,
20-Mar-18,,,,,,,,,,,,,,,,,,,
5391,4|11|12|14|20,4,"$147,792.00",3,,,,,,,,,,,,,,,
21-Mar-18,,,,,,,,,,,,,,,,,,,
5392,6|8|9|14|20,1,"$174,076.00",7,,,,,,,,,,,,,,,
22-Mar-18,,,,,,,,,,,,,,,,,,,
5393,4|10|11|15|20,2,"$150,462.00",3,,,,,,,,,,,,,,,
23-Mar-18,,,,,,,,,,,,,,,,,,,
5394,4|9|11|17|19,3,"$148,808.00",4,,,,,,,,,,,,,,,
24-Mar-18,,,,,,,,,,,,,,,,,,,
5395,3|8|15|17|19,4,"$211,608.00",18,,,,,,,,,,,,,,,
26-Mar-18,,,,,,,,,,,,,,,,,,,
5396,6|11|12|14|16,4,"$162,984.00",8,,,,,,,,,,,,,,,
27-Mar-18,,,,,,,,,,,,,,,,,,,
5397,6|9|11|14|18,4,"$158,470.00",13,,,,,,,,,,,,,,,
28-Mar-18,,,,,,,,,,,,,,,,,,,
5398,11|14|15|16|20,3,"$192,310.00",10,,,,,,,,,,,,,,,
29-Mar-18,,,,,,,,,,,,,,,,,,,
5399,5|11|12|13|17,4,"$193,760.00",5,,,,,,,,,,,,,,,
01-May-18,,,,,,,,,,,,,,,,,,,
5425,1|2|3|5|19,1,"$169,440.00",6,,,,,,,,,,,,,,,
02-May-18,,,,,,,,,,,,,,,,,,,
5426,7|9|10|12|18,1,"$186,156.00",3,,,,,,,,,,,,,,,
03-May-18,,,,,,,,,,,,,,,,,,,
5427,2|4|6|10|17,4,"$169,944.00",8,,,,,,,,,,,,,,,
04-May-18,,,,,,,,,,,,,,,,,,,
5428,1|6|8|18|20,1,"$172,984.00",7,,,,,,,,,,,,,,,
05-May-18,,,,,,,,,,,,,,,,,,,
5429,2|4|5|6|18,4,"$220,088.00",8,,,,,,,,,,,,,,,
07-May-18,,,,,,,,,,,,,,,,,,,
5430,5|6|9|15|18,4,"$167,380.00",10,,,,,,,,,,,,,,,
08-May-18,,,,,,,,,,,,,,,,,,,
5431,7|9|11|15|17,1,"$151,146.00",9,,,,,,,,,,,,,,,
09-May-18,,,,,,,,,,,,,,,,,,,
5432,6|10|12|16|20,1,"$183,898.00",11,,,,,,,,,,,,,,,
10-May-18,,,,,,,,,,,,,,,,,,,
5433,10|12|14|18|19,4,"$160,685.00",7,,,,,,,,,,,,,,,
11-May-18,,,,,,,,,,,,,,,,,,,
5434,1|6|8|14|19,4,"$153,860.00",7,,,,,,,,,,,,,,,
12-May-18,,,,,,,,,,,,,,,,,,,
5435,5|18|4|8|11,2,X,X,,,,,,,,,,,,,,,
14-May-18,,,,,,,,,,,,,,,,,,,
5436,11|12|13|17|18,3,"$150,945.00",3,,,,,,,,,,,,,,,
(adsbygoogle = window.adsbygoogle || []).push({});,,,,,,,,,,,,,,,,,,,
15-May-18,,,,,,,,,,,,,,,,,,,
5437,5|7|15|18|20,1,"$154,458.00",6,,,,,,,,,,,,,,,
16-May-18,,,,,,,,,,,,,,,,,,,
5438,8|9|12|16|19,3,"$183,846.00",6,,,,,,,,,,,,,,,
17-May-18,,,,,,,,,,,,,,,,,,,
5439,2|3|4|17|19,2,"$166,344.00",6,,,,,,,,,,,,,,,
18-May-18,,,,,,,,,,,,,,,,,,,
5440,5|12|13|15|17,1,"$154,944.00",4,,,,,,,,,,,,,,,
19-May-18,,,,,,,,,,,,,,,,,,,
5441,9|14|15|17|19,2,"$193,020.00",10,,,,,,,,,,,,,,,
21-May-18,,,,,,,,,,,,,,,,,,,
5442,1|3|5|7|12,3,"$151,585.00",7,,,,,,,,,,,,,,,
22-May-18,,,,,,,,,,,,,,,,,,,
5443,2|7|14|17|19,1,"$146,195.00",5,,,,,,,,,,,,,,,
23-May-18,,,,,,,,,,,,,,,,,,,
5444,6|9|12|13|15,4,"$176,324.00",4,,,,,,,,,,,,,,,
24-May-18,,,,,,,,,,,,,,,,,,,
5445,2|4|6|11|17,4,"$156,384.00",6,,,,,,,,,,,,,,,
25-May-18,,,,,,,,,,,,,,,,,,,
5446,2|4|6|9|15,1,"$154,453.00",13,,,,,,,,,,,,,,,
26-May-18,,,,,,,,,,,,,,,,,,,
5447,4|7|12|13|16,2,"$206,785.00",5,,,,,,,,,,,,,,,
28-May-18,,,,,,,,,,,,,,,,,,,
5448,1|4|8|14|20,4,"$159,352.00",8,,,,,,,,,,,,,,,
29-May-18,,,,,,,,,,,,,,,,,,,
5449,1|9|11|13|19,1,"$166,208.00",7,,,,,,,,,,,,,,,
30-May-18,,,,,,,,,,,,,,,,,,,
5450,1|2|4|10|18,1,"$139,116.00",4,,,,,,,,,,,,,,,
01-Nov-18,,,,,,,,,,,,,,,,,,,
5581,6|7|10|16|18,2,"$172,788.00",7,,,,,,,,,,,,,,,
02-Nov-18,,,,,,,,,,,,,,,,,,,
5582,1|6|8|9|12,1,"$164,772.00",9,,,,,,,,,,,,,,,
03-Nov-18,,,,,,,,,,,,,,,,,,,
5583,4|9|13|14|20,2,"$231,138.00",9,,,,,,,,,,,,,,,
05-Nov-18,,,,,,,,,,,,,,,,,,,
5584,1|2|3|10|18,4,"$170,616.00",4,,,,,,,,,,,,,,,
07-Nov-18,,,,,,,,,,,,,,,,,,,
5585,7|11|12|15|20,1,"$191,512.00",4,,,,,,,,,,,,,,,
08-Nov-18,,,,,,,,,,,,,,,,,,,
5586,1|7|12|14|20,2,"$162,176.00",8,,,,,,,,,,,,,,,
09-Nov-18,,,,,,,,,,,,,,,,,,,
5587,1|9|12|14|20,2,"$156,050.00",10,,,,,,,,,,,,,,,
10-Nov-18,,,,,,,,,,,,,,,,,,,
5588,2|3|5|6|19,4,"$222,003.00",9,,,,,,,,,,,,,,,
12-Nov-18,,,,,,,,,,,,,,,,,,,
5589,4|5|6|12|17,4,"$156,296.00",7,,,,,,,,,,,,,,,
13-Nov-18,,,,,,,,,,,,,,,,,,,
5590,3|10|12|16|19,1,"$145,456.00",8,,,,,,,,,,,,,,,
14-Nov-18,,,,,,,,,,,,,,,,,,,
5591,5|8|11|12|18,1,"$177,565.00",5,,,,,,,,,,,,,,,
15-Nov-18,,,,,,,,,,,,,,,,,,,
5592,2|3|14|15|19,3,"$150,792.00",3,,,,,,,,,,,,,,,
(adsbygoogle = window.adsbygoogle || []).push({});,,,,,,,,,,,,,,,,,,,
16-Nov-18,,,,,,,,,,,,,,,,,,,
5593,1|6|7|11|20,1,"$164,134.00",2,,,,,,,,,,,,,,,
17-Nov-18,,,,,,,,,,,,,,,,,,,
5594,4|11|14|16|18,2,"$228,550.00",5,,,,,,,,,,,,,,,
19-Nov-18,,,,,,,,,,,,,,,,,,,
5595,7|8|10|15|19,4,"$156,312.00",8,,,,,,,,,,,,,,,
20-Nov-18,,,,,,,,,,,,,,,,,,,
5596,1|3|6|9|13,1,"$145,255.00",5,,,,,,,,,,,,,,,
21-Nov-18,,,,,,,,,,,,,,,,,,,
5597,3|6|10|11|16,3,"$187,594.00",11,,,,,,,,,,,,,,,
22-Nov-18,,,,,,,,,,,,,,,,,,,
5598,1|12|15|16|20,4,"$149,048.00",8,,,,,,,,,,,,,,,
23-Nov-18,,,,,,,,,,,,,,,,,,,
5599,1|6|11|14|17,3,X,X,,,,,,,,,,,,,,,
24-Nov-18,,,,,,,,,,,,,,,,,,,
5600,2|5|7|13|20,4,"$211,584.00",4,,,,,,,,,,,,,,,
26-Nov-18,,,,,,,,,,,,,,,,,,,
5601,6|7|9|15|19,3,"$153,616.00",2,,,,,,,,,,,,,,,
27-Nov-18,,,,,,,,,,,,,,,,,,,
5602,1|9|11|13|20,1,"$151,210.00",5,,,,,,,,,,,,,,,
28-Nov-18,,,,,,,,,,,,,,,,,,,
5603,2|12|13|16|20,1,"$181,970.00",5,,,,,,,,,,,,,,,
29-Nov-18,,,,,,,,,,,,,,,,,,,
5604,3|8|13|17|20,2,"$167,244.00",6,,,,,,,,,,,,,,,
30-Nov-18,,,,,,,,,,,,,,,,,,,
5605,2|4|10|12|13,3,"$162,324.00",6,,,,,,,,,,,,,,,
01-Oct-18,,,,,,,,,,,,,,,,,,,
5554,1|2|3|15|20,3,"$180,250.00",7,,,,,,,,,,,,,,,
02-Oct-18,,,,,,,,,,,,,,,,,,,
5555,4|7|11|16|17,4,"$172,003.00",13,,,,,,,,,,,,,,,
03-Oct-18,,,,,,,,,,,,,,,,,,,
5556,1|2|6|9|15,1,"$193,928.00",4,,,,,,,,,,,,,,,
04-Oct-18,,,,,,,,,,,,,,,,,,,
5557,2|5|8|11|16,3,"$171,070.00",10,,,,,,,,,,,,,,,
05-Oct-18,,,,,,,,,,,,,,,,,,,
5558,1|4|6|16|18,1,"$167,315.00",5,,,,,,,,,,,,,,,
06-Oct-18,,,,,,,,,,,,,,,,,,,
5559,5|7|9|10|11,3,"$215,976.00",12,,,,,,,,,,,,,,,
08-Oct-18,,,,,,,,,,,,,,,,,,,
5560,1|2|4|8|12,2,"$160,596.00",6,,,,,,,,,,,,,,,
09-Oct-18,,,,,,,,,,,,,,,,,,,
5561,2|6|16|17|19,1,"$149,876.00",4,,,,,,,,,,,,,,,
10-Oct-18,,,,,,,,,,,,,,,,,,,
5562,1|3|16|18|19,1,"$178,788.00",6,,,,,,,,,,,,,,,
11-Oct-18,,,,,,,,,,,,,,,,,,,
5563,1|10|14|16|19,4,"$158,044.00",4,,,,,,,,,,,,,,,
12-Oct-18,,,,,,,,,,,,,,,,,,,
5564,5|6|7|9|14,3,"$152,336.00",8,,,,,,,,,,,,,,,
13-Oct-18,,,,,,,,,,,,,,,,,,,
5565,2|3|9|12|14,3,"$211,323.00",7,,,,,,,,,,,,,,,
(adsbygoogle = window.adsbygoogle || []).push({});,,,,,,,,,,,,,,,,,,,
15-Oct-18,,,,,,,,,,,,,,,,,,,
5566,1|4|15|18|20,2,"$161,022.00",3,,,,,,,,,,,,,,,
16-Oct-18,,,,,,,,,,,,,,,,,,,
5567,1|4|13|15|18,2,"$163,200.00",8,,,,,,,,,,,,,,,
17-Oct-18,,,,,,,,,,,,,,,,,,,
5568,2|8|9|10|15,1,"$188,028.00",6,,,,,,,,,,,,,,,
18-Oct-18,,,,,,,,,,,,,,,,,,,
5569,6|7|12|17|20,4,"$160,182.00",6,,,,,,,,,,,,,,,
19-Oct-18,,,,,,,,,,,,,,,,,,,
5570,3|13|14|17|18,1,"$128,735.00",5,,,,,,,,,,,,,,,
20-Oct-18,,,,,,,,,,,,,,,,,,,
5571,4|6|11|16|18,4,"$196,656.00",12,,,,,,,,,,,,,,,
22-Oct-18,,,,,,,,,,,,,,,,,,,
5572,8|9|12|13|17,2,"$142,590.00",10,,,,,,,,,,,,,,,
23-Oct-18,,,,,,,,,,,,,,,,,,,
5573,2|9|10|13|18,1,"$146,030.00",5,,,,,,,,,,,,,,,
24-Oct-18,,,,,,,,,,,,,,,,,,,
5574,2|3|11|15|20,1,"$174,566.00",7,,,,,,,,,,,,,,,
25-Oct-18,,,,,,,,,,,,,,,,,,,
5575,3|9|11|12|14,3,"$149,135.00",5,,,,,,,,,,,,,,,
26-Oct-18,,,,,,,,,,,,,,,,,,,
5576,1|3|11|17|20,1,"$159,824.00",4,,,,,,,,,,,,,,,
27-Oct-18,,,,,,,,,,,,,,,,,,,
5577,1|7|9|10|17,2,"$218,192.00",4,,,,,,,,,,,,,,,
(adsbygoogle = window.adsbygoogle || []).push({});,,,,,,,,,,,,,,,,,,,
29-Oct-18,,,,,,,,,,,,,,,,,,,
5578,9|14|16|18|20,3,"$155,202.00",6,,,,,,,,,,,,,,,
30-Oct-18,,,,,,,,,,,,,,,,,,,
5579,8|10|12|13|20,1,"$150,050.00",5,,,,,,,,,,,,,,,
31-Oct-18,,,,,,,,,,,,,,,,,,,
5580,1|2|7|13|15,1,"$190,925.00",7,,,,,,,,,,,,,,,
01-Sep-18,,,,,,,,,,,,,,,,,,,
5529,1|5|14|15|16,2,"$227,810.00",10,,,,,,,,,,,,,,,
03-Sep-18,,,,,,,,,,,,,,,,,,,
5530,6|8|10|11|15,2,"$168,430.00",5,,,,,,,,,,,,,,,
04-Sep-18,,,,,,,,,,,,,,,,,,,
5531,2|7|15|18|20,1,"$165,684.00",3,,,,,,,,,,,,,,,
05-Sep-18,,,,,,,,,,,,,,,,,,,
5532,8|9|14|15|16,1,"$187,920.00",6,,,,,,,,,,,,,,,
06-Sep-18,,,,,,,,,,,,,,,,,,,
5533,5|6|15|19|20,3,"$167,286.00",6,,,,,,,,,,,,,,,
07-Sep-18,,,,,,,,,,,,,,,,,,,
5534,3|7|12|15|19,1,"$162,018.00",9,,,,,,,,,,,,,,,
08-Sep-18,,,,,,,,,,,,,,,,,,,
5535,1|7|14|15|19,3,"$221,278.00",2,,,,,,,,,,,,,,,
10-Sep-18,,,,,,,,,,,,,,,,,,,
5536,5|6|7|9|12,3,"$150,208.00",8,,,,,,,,,,,,,,,
11-Sep-18,,,,,,,,,,,,,,,,,,,
5537,2|16|17|19|20,4,"$144,444.00",3,,,,,,,,,,,,,,,
12-Sep-18,,,,,,,,,,,,,,,,,,,
5538,1|5|7|11|12,1,"$179,403.00",7,,,,,,,,,,,,,,,
13-Sep-18,,,,,,,,,,,,,,,,,,,
5539,8|9|10|11|16,4,"$157,912.00",4,,,,,,,,,,,,,,,
14-Sep-18,,,,,,,,,,,,,,,,,,,
5540,2|6|7|9|14,2,"$162,265.00",5,,,,,,,,,,,,,,,
(adsbygoogle = window.adsbygoogle || []).push({});,,,,,,,,,,,,,,,,,,,
15-Sep-18,,,,,,,,,,,,,,,,,,,
5541,7|12|13|16|17,3,"$227,540.00",10,,,,,,,,,,,,,,,
17-Sep-18,,,,,,,,,,,,,,,,,,,
5542,7|11|12|13|17,4,"$152,478.00",6,,,,,,,,,,,,,,,
18-Sep-18,,,,,,,,,,,,,,,,,,,
5543,1|4|8|14|15,4,"$152,808.00",3,,,,,,,,,,,,,,,
19-Sep-18,,,,,,,,,,,,,,,,,,,
5544,7|10|12|19|20,1,"$174,792.00",4,,,,,,,,,,,,,,,
20-Sep-18,,,,,,,,,,,,,,,,,,,
5545,1|8|10|14|20,2,"$156,120.00",5,,,,,,,,,,,,,,,
21-Sep-18,,,,,,,,,,,,,,,,,,,
5546,2|3|16|17|19,1,"$156,723.00",3,,,,,,,,,,,,,,,
22-Sep-18,,,,,,,,,,,,,,,,,,,
5547,1|15|17|18|20,4,"$216,300.00",4,,,,,,,,,,,,,,,
24-Sep-18,,,,,,,,,,,,,,,,,,,
5548,4|5|6|10|16,3,"$132,048.00",2,,,,,,,,,,,,,,,
25-Sep-18,,,,,,,,,,,,,,,,,,,
5549,3|11|12|14|15,1,"$146,590.00",5,,,,,,,,,,,,,,,
26-Sep-18,,,,,,,,,,,,,,,,,,,
5550,3|8|9|10|16,1,"$181,783.00",7,,,,,,,,,,,,,,,
27-Sep-18,,,,,,,,,,,,,,,,,,,
5551,1|5|6|14|15,2,"$164,336.00",4,,,,,,,,,,,,,,,
28-Sep-18,,,,,,,,,,,,,,,,,,,
5552,1|2|4|15|16,1,"$166,260.00",3,,,,,,,,,,,,,,,
29-Sep-18,,,,,,,,,,,,,,,,,,,
5553,2|4|13|14|17,4,"$228,327.00",17,,,,,,,,,,,,,,,
01-Apr-19,,,,,,,,,,,,,,,,,,,
5707,6|7|15|17|20,2,"$188,895.00",7,,,,,,,,,,,,,,,
02-Apr-19,,,,,,,,,,,,,,,,,,,
5708,4|6|7|16|20,1,"$165,681.00",9,,,,,,,,,,,,,,,
03-Apr-19,,,,,,,,,,,,,,,,,,,
5709,3|8|12|14|17,4,"$196,950.00",15,,,,,,,,,,,,,,,
04-Apr-19,,,,,,,,,,,,,,,,,,,
5710,5|8|9|13|16,4,"$174,796.00",4,,,,,,,,,,,,,,,
05-Apr-19,,,,,,,,,,,,,,,,,,,
5711,5|6|7|12|19,1,"$169,337.00",7,,,,,,,,,,,,,,,
06-Apr-19,,,,,,,,,,,,,,,,,,,
5712,5|11|13|18|19,2,X,X,,,,,,,,,,,,,,,
08-Apr-19,,,,,,,,,,,,,,,,,,,
5713,9|14|15|17|20,2,"$166,257.00",7,,,,,,,,,,,,,,,
09-Apr-19,,,,,,,,,,,,,,,,,,,
5714,4|6|9|10|16,1,"$152,508.00",12,,,,,,,,,,,,,,,
10-Apr-19,,,,,,,,,,,,,,,,,,,
5715,1|3|13|15|18,4,"$189,063.00",7,,,,,,,,,,,,,,,
11-Apr-19,,,,,,,,,,,,,,,,,,,
5716,1|2|5|6|11,4,"$160,785.00",3,,,,,,,,,,,,,,,
12-Apr-19,,,,,,,,,,,,,,,,,,,
5717,5|7|15|18|19,3,"$161,118.00",6,,,,,,,,,,,,,,,
13-Apr-19,,,,,,,,,,,,,,,,,,,
5718,3|5|7|8|12,4,X,X,,,,,,,,,,,,,,,
(adsbygoogle = window.adsbygoogle || []).push({});,,,,,,,,,,,,,,,,,,,
15-Apr-19,,,,,,,,,,,,,,,,,,,
5719,3|8|14|15|18,4,"$166,632.00",6,,,,,,,,,,,,,,,
16-Apr-19,,,,,,,,,,,,,,,,,,,
5720,2|7|13|19|20,3,"$169,956.00",9,,,,,,,,,,,,,,,
17-Apr-19,,,,,,,,,,,,,,,,,,,
5721,4|6|14|18|19,1,"$204,008.00",8,,,,,,,,,,,,,,,
18-Apr-19,,,,,,,,,,,,,,,,,,,
5722,2|3|11|12|19,2,"$174,852.00",6,,,,,,,,,,,,,,,
20-Apr-19,,,,,,,,,,,,,,,,,,,
5723,1|2|6|12|15,4,X,X,,,,,,,,,,,,,,,
22-Apr-19,,,,,,,,,,,,,,,,,,,
5724,1|2|11|12|14,2,"$111,522.00",3,,,,,,,,,,,,,,,
23-Apr-19,,,,,,,,,,,,,,,,,,,
5725,4|5|11|12|17,1,"$143,832.00",6,,,,,,,,,,,,,,,
24-Apr-19,,,,,,,,,,,,,,,,,,,
5726,3|12|15|19|20,3,"$193,256.00",8,,,,,,,,,,,,,,,
25-Apr-19,,,,,,,,,,,,,,,,,,,
5727,2|4|6|10|18,3,"$160,523.00",11,,,,,,,,,,,,,,,
26-Apr-19,,,,,,,,,,,,,,,,,,,
5728,5|8|13|18|19,1,"$161,018.00",11,,,,,,,,,,,,,,,
27-Apr-19,,,,,,,,,,,,,,,,,,,
5729,8|10|11|14|15,2,X,X,,,,,,,,,,,,,,,
29-Apr-19,,,,,,,,,,,,,,,,,,,
5730,4|7|10|14|17,3,"$156,960.00",9,,,,,,,,,,,,,,,
30-Apr-19,,,,,,,,,,,,,,,,,,,
5731,2|5|14|16|20,1,"$166,376.00",8,,,,,,,,,,,,,,,
02-Sep-19,,,,,,,,,,,,,,,,,,,
5836,2|9|15|16|19,2,"$166,224.00",4,,,,,,,,,,,,,,,
03-Sep-19,,,,,,,,,,,,,,,,,,,
5837,1|2|6|8|19,1,"$151,815.00",5,,,,,,,,,,,,,,,
04-Sep-19,,,,,,,,,,,,,,,,,,,
5838,3|6|8|19|20,3,"$184,317.00",3,,,,,,,,,,,,,,,
05-Sep-19,,,,,,,,,,,,,,,,,,,
5839,3|7|12|13|17,2,"$159,585.00",5,,,,,,,,,,,,,,,
06-Sep-19,,,,,,,,,,,,,,,,,,,
5840,5|6|10|15|16,3,"$156,546.00",9,,,,,,,,,,,,,,,
07-Sep-19,,,,,,,,,,,,,,,,,,,
5841,12|13|14|16|18,4,X,X,,,,,,,,,,,,,,,
09-Sep-19,,,,,,,,,,,,,,,,,,,
5842,4|10|12|16|20,4,"$155,535.00",5,,,,,,,,,,,,,,,
10-Sep-19,,,,,,,,,,,,,,,,,,,
5843,3|8|9|16|18,4,"$143,205.00",3,,,,,,,,,,,,,,,
11-Sep-19,,,,,,,,,,,,,,,,,,,
5844,3|4|8|9|10,1,"$174,740.00",4,,,,,,,,,,,,,,,
12-Sep-19,,,,,,,,,,,,,,,,,,,
5845,2|4|11|12|14,4,"$147,217.00",7,,,,,,,,,,,,,,,
13-Sep-19,,,,,,,,,,,,,,,,,,,
5846,10|12|14|15|20,1,"$149,316.00",6,,,,,,,,,,,,,,,
14-Sep-19,,,,,,,,,,,,,,,,,,,
5847,5|6|13|16|17,4,"$209,805.00",5,,,,,,,,,,,,,,,
(adsbygoogle = window.adsbygoogle || []).push({});,,,,,,,,,,,,,,,,,,,
16-Sep-19,,,,,,,,,,,,,,,,,,,
5848,1|11|13|14|17,3,"$154,880.00",4,,,,,,,,,,,,,,,
17-Sep-19,,,,,,,,,,,,,,,,,,,
5849,3|5|8|10|17,1,"$149,304.00",4,,,,,,,,,,,,,,,
18-Sep-19,,,,,,,,,,,,,,,,,,,
5850,6|9|15|16|19,1,"$173,646.00",9,,,,,,,,,,,,,,,
19-Sep-19,,,,,,,,,,,,,,,,,,,
5851,6|8|9|15|19,3,"$150,546.00",6,,,,,,,,,,,,,,,
20-Sep-19,,,,,,,,,,,,,,,,,,,
5852,2|5|7|11|14,3,"$146,592.00",4,,,,,,,,,,,,,,,
21-Sep-19,,,,,,,,,,,,,,,,,,,
5853,2|3|9|16|18,3,"$212,345.00",5,,,,,,,,,,,,,,,
23-Sep-19,,,,,,,,,,,,,,,,,,,
5854,2|6|8|9|17,2,"$152,404.00",4,,,,,,,,,,,,,,,
24-Sep-19,,,,,,,,,,,,,,,,,,,
5855,3|7|9|10|17,1,"$107,104.00",8,,,,,,,,,,,,,,,
25-Sep-19,,,,,,,,,,,,,,,,,,,
5856,9|10|13|15|19,4,"$169,932.00",3,,,,,,,,,,,,,,,
26-Sep-19,,,,,,,,,,,,,,,,,,,
5857,8|14|15|17|20,2,"$155,547.00",7,,,,,,,,,,,,,,,
27-Sep-19,,,,,,,,,,,,,,,,,,,
5858,2|4|9|14|16,1,"$150,810.00",5,,,,,,,,,,,,,,,
28-Sep-19,,,,,,,,,,,,,,,,,,,
5859,1|3|11|13|19,4,X,X,,,,,,,,,,,,,,,
30-Sep-19,,,,,,,,,,,,,,,,,,,
5860,2|3|4|14|18,3,"$162,450.00",3,,,,,,,,,,,,,,,
01-Jan-20,,,,,,,,,,,,,,,,,,,
5939,4|7|13|14|15,2,"$146,364.00",3,,,,,,,,,,,,,,,
02-Jan-20,,,,,,,,,,,,,,,,,,,
5940,1|3|12|19|20,3,"$163,620.00",12,,,,,,,,,,,,,,,
03-Jan-20,,,,,,,,,,,,,,,,,,,
5941,3|8|12|16|19,4,"$153,840.00",6,,,,,,,,,,,,,,,
04-Jan-20,,,,,,,,,,,,,,,,,,,
5942,2|3|7|9|19,3,"$203,912.00",8,,,,,,,,,,,,,,,
06-Jan-20,,,,,,,,,,,,,,,,,,,
5943,2|6|8|16|18,3,"$164,350.00",10,,,,,,,,,,,,,,,
07-Jan-20,,,,,,,,,,,,,,,,,,,
5944,5|9|11|13|19,3,"$146,748.00",6,,,,,,,,,,,,,,,
08-Jan-20,,,,,,,,,,,,,,,,,,,
5945,2|3|7|15|19,1,"$173,894.00",7,,,,,,,,,,,,,,,
09-Jan-20,,,,,,,,,,,,,,,,,,,
5946,11|13|14|17|18,4,"$149,410.00",10,,,,,,,,,,,,,,,
10-Jan-20,,,,,,,,,,,,,,,,,,,
5947,8|9|10|14|15,1,"$148,624.00",16,,,,,,,,,,,,,,,
11-Jan-20,,,,,,,,,,,,,,,,,,,
5948,2|3|5|8|9,4,X,X,,,,,,,,,,,,,,,
13-Jan-20,,,,,,,,,,,,,,,,,,,
5949,5|11|15|16|18,3,"$156,394.00",2,,,,,,,,,,,,,,,
14-Jan-20,,,,,,,,,,,,,,,,,,,
5950,2|11|15|18|20,1,"$143,150.00",2,,,,,,,,,,,,,,,
(adsbygoogle = window.adsbygoogle || []).push({});,,,,,,,,,,,,,,,,,,,
15-Jan-20,,,,,,,,,,,,,,,,,,,
5951,3|8|9|10|18,1,"$171,870.00",5,,,,,,,,,,,,,,,
16-Jan-20,,,,,,,,,,,,,,,,,,,
5952,8|9|10|14|16,3,"$167,825.00",7,,,,,,,,,,,,,,,
17-Jan-20,,,,,,,,,,,,,,,,,,,
5953,3|5|9|14|17,1,"$158,112.00",6,,,,,,,,,,,,,,,
18-Jan-20,,,,,,,,,,,,,,,,,,,
5954,1|3|6|8|12,4,X,X,,,,,,,,,,,,,,,
20-Jan-20,,,,,,,,,,,,,,,,,,,
5955,2|7|9|12|17,2,"$157,446.00",9,,,,,,,,,,,,,,,
21-Jan-20,,,,,,,,,,,,,,,,,,,
5956,2|3|7|10|18,1,"$143,853.00",3,,,,,,,,,,,,,,,
22-Jan-20,,,,,,,,,,,,,,,,,,,
5957,4|12|15|16|17,1,"$173,375.00",5,,,,,,,,,,,,,,,
23-Jan-20,,,,,,,,,,,,,,,,,,,
5958,8|10|15|18|19,3,"$153,618.00",6,,,,,,,,,,,,,,,
24-Jan-20,,,,,,,,,,,,,,,,,,,
5959,2|4|12|14|20,1,"$154,305.00",9,,,,,,,,,,,,,,,
25-Jan-20,,,,,,,,,,,,,,,,,,,
5960,2|5|8|17|20,2,"$224,024.00",8,,,,,,,,,,,,,,,
27-Jan-20,,,,,,,,,,,,,,,,,,,
5961,6|12|14|15|20,2,"$158,776.00",8,,,,,,,,,,,,,,,
28-Jan-20,,,,,,,,,,,,,,,,,,,
5962,3|4|11|18|19,3,"$143,810.00",5,,,,,,,,,,,,,,,
(adsbygoogle = window.adsbygoogle || []).push({});,,,,,,,,,,,,,,,,,,,
29-Jan-20,,,,,,,,,,,,,,,,,,,
5963,4|8|10|12|14,3,"$176,616.00",3,,,,,,,,,,,,,,,
30-Jan-20,,,,,,,,,,,,,,,,,,,
5964,7|8|10|13|19,3,"$164,835.00",5,,,,,,,,,,,,,,,
31-Jan-20,,,,,,,,,,,,,,,,,,,
5965,4|5|10|12|13,1,"$162,864.00",9,,,,,,,,,,,,,,,
01-Feb-19,,,,,,,,,,,,,,,,,,,
5658,6|9|10|16|20,1,"$188,484.00",4,,,,,,,,,,,,,,,
02-Feb-19,,,,,,,,,,,,,,,,,,,
5659,3|4|9|13|15,3,X,X,,,,,,,,,,,,,,,
04-Feb-19,,,,,,,,,,,,,,,,,,,
5660,7|9|10|15|16,4,"$180,450.00",6,,,,,,,,,,,,,,,
05-Feb-19,,,,,,,,,,,,,,,,,,,
5661,4|5|11|16|20,1,"$166,344.00",12,,,,,,,,,,,,,,,
06-Feb-19,,,,,,,,,,,,,,,,,,,
5662,1|5|9|19|20,1,"$199,199.00",11,,,,,,,,,,,,,,,
07-Feb-19,,,,,,,,,,,,,,,,,,,
5663,3|4|9|14|16,4,"$170,000.00",4,,,,,,,,,,,,,,,
08-Feb-19,,,,,,,,,,,,,,,,,,,
5664,2|4|12|17|20,2,"$168,483.00",7,,,,,,,,,,,,,,,
09-Feb-19,,,,,,,,,,,,,,,,,,,
5665,7|8|14|16|18,2,"$233,816.00",8,,,,,,,,,,,,,,,
11-Feb-19,,,,,,,,,,,,,,,,,,,
5666,3|7|8|11|16,4,"$162,180.00",5,,,,,,,,,,,,,,,
12-Feb-19,,,,,,,,,,,,,,,,,,,
5667,5|7|8|12|16,1,"$151,076.00",4,,,,,,,,,,,,,,,
13-Feb-19,,,,,,,,,,,,,,,,,,,
5668,11|14|17|18|20,1,"$188,872.00",8,,,,,,,,,,,,,,,
14-Feb-19,,,,,,,,,,,,,,,,,,,
5669,9|10|12|14|15,4,"$156,632.00",8,,,,,,,,,,,,,,,
(adsbygoogle = window.adsbygoogle || []).push({});,,,,,,,,,,,,,,,,,,,
15-Feb-19,,,,,,,,,,,,,,,,,,,
5670,5|6|8|15|16,1,"$174,969.00",9,,,,,,,,,,,,,,,
16-Feb-19,,,,,,,,,,,,,,,,,,,
5671,5|11|12|13|18,2,"$247,404.00",12,,,,,,,,,,,,,,,
18-Feb-19,,,,,,,,,,,,,,,,,,,
5672,4|10|13|15|20,3,"$171,505.00",5,,,,,,,,,,,,,,,
19-Feb-19,,,,,,,,,,,,,,,,,,,
5673,2|3|7|11|14,2,"$150,983.00",7,,,,,,,,,,,,,,,
20-Feb-19,,,,,,,,,,,,,,,,,,,
5674,8|11|12|16|17,3,"$191,480.00",4,,,,,,,,,,,,,,,
21-Feb-19,,,,,,,,,,,,,,,,,,,
5675,3|5|6|11|19,2,"$166,788.00",9,,,,,,,,,,,,,,,
22-Feb-19,,,,,,,,,,,,,,,,,,,
5676,4|5|6|9|12,1,"$157,917.00",3,,,,,,,,,,,,,,,
23-Feb-19,,,,,,,,,,,,,,,,,,,
5677,6|7|8|10|11,4,"$234,828.00",22,,,,,,,,,,,,,,,
25-Feb-19,,,,,,,,,,,,,,,,,,,
5678,1|4|10|17|19,3,"$176,372.00",7,,,,,,,,,,,,,,,
26-Feb-19,,,,,,,,,,,,,,,,,,,
5679,4|5|12|16|17,1,"$166,878.00",3,,,,,,,,,,,,,,,
27-Feb-19,,,,,,,,,,,,,,,,,,,
5680,9|10|12|19|20,1,"$213,240.00",10,,,,,,,,,,,,,,,
28-Feb-19,,,,,,,,,,,,,,,,,,,
5681,9|13|17|18|20,2,"$180,486.00",6,,,,,,,,,,,,,,,
01-Jan-19,,,,,,,,,,,,,,,,,,,
5631,5|8|11|16|18,1,"$109,730.00",10,,,,,,,,,,,,,,,
02-Jan-19,,,,,,,,,,,,,,,,,,,
5632,5|6|11|18|19,1,"$205,461.00",9,,,,,,,,,,,,,,,
03-Jan-19,,,,,,,,,,,,,,,,,,,
5633,4|5|11|18|19,4,"$165,264.00",11,,,,,,,,,,,,,,,
04-Jan-19,,,,,,,,,,,,,,,,,,,
5634,1|15|16|18|19,1,"$170,048.00",8,,,,,,,,,,,,,,,
05-Jan-19,,,,,,,,,,,,,,,,,,,
5635,4|8|12|16|19,4,"$230,516.00",13,,,,,,,,,,,,,,,
07-Jan-19,,,,,,,,,,,,,,,,,,,
5636,2|7|11|14|19,4,"$161,370.00",10,,,,,,,,,,,,,,,
08-Jan-19,,,,,,,,,,,,,,,,,,,
5637,2|9|11|17|19,1,"$155,295.00",15,,,,,,,,,,,,,,,
09-Jan-19,,,,,,,,,,,,,,,,,,,
5638,4|6|7|14|20,2,"$184,024.00",8,,,,,,,,,,,,,,,
10-Jan-19,,,,,,,,,,,,,,,,,,,
5639,1|2|7|11|20,3,"$158,590.00",5,,,,,,,,,,,,,,,
11-Jan-19,,,,,,,,,,,,,,,,,,,
5640,1|2|7|15|19,4,"$164,048.00",8,,,,,,,,,,,,,,,
12-Jan-19,,,,,,,,,,,,,,,,,,,
5641,10|12|13|15|20,4,"$217,600.00",10,,,,,,,,,,,,,,,
14-Jan-19,,,,,,,,,,,,,,,,,,,
5642,9|11|16|19|20,2,"$162,222.00",3,,,,,,,,,,,,,,,
(adsbygoogle = window.adsbygoogle || []).push({});,,,,,,,,,,,,,,,,,,,
15-Jan-19,,,,,,,,,,,,,,,,,,,
5643,1|11|13|16|19,3,"$154,980.00",5,,,,,,,,,,,,,,,
16-Jan-19,,,,,,,,,,,,,,,,,,,
5644,8|11|13|15|18,2,"$202,890.00",3,,,,,,,,,,,,,,,
17-Jan-19,,,,,,,,,,,,,,,,,,,
5645,5|7|10|12|17,3,"$171,054.00",13,,,,,,,,,,,,,,,
18-Jan-19,,,,,,,,,,,,,,,,,,,
5646,3|7|8|11|17,1,"$164,283.00",7,,,,,,,,,,,,,,,
19-Jan-19,,,,,,,,,,,,,,,,,,,
5647,1|7|9|14|17,3,"$218,380.00",10,,,,,,,,,,,,,,,
21-Jan-19,,,,,,,,,,,,,,,,,,,
5648,2|8|12|16|20,4,"$167,022.00",6,,,,,,,,,,,,,,,
22-Jan-19,,,,,,,,,,,,,,,,,,,
5649,2|4|9|16|17,1,"$154,761.00",3,,,,,,,,,,,,,,,
23-Jan-19,,,,,,,,,,,,,,,,,,,
5650,4|10|12|15|16,2,"$182,424.00",6,,,,,,,,,,,,,,,
24-Jan-19,,,,,,,,,,,,,,,,,,,
5651,4|14|17|19|20,3,"$165,790.00",2,,,,,,,,,,,,,,,
25-Jan-19,,,,,,,,,,,,,,,,,,,
5652,6|7|13|16|17,1,"$169,390.00",10,,,,,,,,,,,,,,,
26-Jan-19,,,,,,,,,,,,,,,,,,,
5653,7|13|14|15|19,4,X,X,,,,,,,,,,,,,,,
28-Jan-19,,,,,,,,,,,,,,,,,,,
5654,4|6|11|12|18,4,"$178,812.00",6,,,,,,,,,,,,,,,
(adsbygoogle = window.adsbygoogle || []).push({});,,,,,,,,,,,,,,,,,,,
29-Jan-19,,,,,,,,,,,,,,,,,,,
5655,2|3|13|16|18,2,"$169,245.00",3,,,,,,,,,,,,,,,
30-Jan-19,,,,,,,,,,,,,,,,,,,
5656,4|5|11|14|16,4,"$194,850.00",6,,,,,,,,,,,,,,,
31-Jan-19,,,,,,,,,,,,,,,,,,,
5657,1|3|4|14|18,3,"$179,504.00",2,,,,,,,,,,,,,,,
,,,,,,,,,,,,,,,,,,,
01-Jan-19,,,,,,,,,,,,,,,,,,,
5631,5|8|11|16|18,1,"$109,730.00",10,,,,,,,,,,,,,,,
02-Jan-19,,,,,,,,,,,,,,,,,,,
5632,5|6|11|18|19,1,"$205,461.00",9,,,,,,,,,,,,,,,
03-Jan-19,,,,,,,,,,,,,,,,,,,
5633,4|5|11|18|19,4,"$165,264.00",11,,,,,,,,,,,,,,,
04-Jan-19,,,,,,,,,,,,,,,,,,,
5634,1|15|16|18|19,1,"$170,048.00",8,,,,,,,,,,,,,,,
05-Jan-19,,,,,,,,,,,,,,,,,,,
5635,4|8|12|16|19,4,"$230,516.00",13,,,,,,,,,,,,,,,
07-Jan-19,,,,,,,,,,,,,,,,,,,
5636,2|7|11|14|19,4,"$161,370.00",10,,,,,,,,,,,,,,,
08-Jan-19,,,,,,,,,,,,,,,,,,,
5637,2|9|11|17|19,1,"$155,295.00",15,,,,,,,,,,,,,,,
09-Jan-19,,,,,,,,,,,,,,,,,,,
5638,4|6|7|14|20,2,"$184,024.00",8,,,,,,,,,,,,,,,
10-Jan-19,,,,,,,,,,,,,,,,,,,
5639,1|2|7|11|20,3,"$158,590.00",5,,,,,,,,,,,,,,,
11-Jan-19,,,,,,,,,,,,,,,,,,,
5640,1|2|7|15|19,4,"$164,048.00",8,,,,,,,,,,,,,,,
12-Jan-19,,,,,,,,,,,,,,,,,,,
5641,10|12|13|15|20,4,"$217,600.00",10,,,,,,,,,,,,,,,
14-Jan-19,,,,,,,,,,,,,,,,,,,
5642,9|11|16|19|20,2,"$162,222.00",3,,,,,,,,,,,,,,,
(adsbygoogle = window.adsbygoogle || []).push({});,,,,,,,,,,,,,,,,,,,
15-Jan-19,,,,,,,,,,,,,,,,,,,
5643,1|11|13|16|19,3,"$154,980.00",5,,,,,,,,,,,,,,,
16-Jan-19,,,,,,,,,,,,,,,,,,,
5644,8|11|13|15|18,2,"$202,890.00",3,,,,,,,,,,,,,,,
17-Jan-19,,,,,,,,,,,,,,,,,,,
5645,5|7|10|12|17,3,"$171,054.00",13,,,,,,,,,,,,,,,
18-Jan-19,,,,,,,,,,,,,,,,,,,
5646,3|7|8|11|17,1,"$164,283.00",7,,,,,,,,,,,,,,,
19-Jan-19,,,,,,,,,,,,,,,,,,,
5647,1|7|9|14|17,3,"$218,380.00",10,,,,,,,,,,,,,,,
21-Jan-19,,,,,,,,,,,,,,,,,,,
5648,2|8|12|16|20,4,"$167,022.00",6,,,,,,,,,,,,,,,
22-Jan-19,,,,,,,,,,,,,,,,,,,
5649,2|4|9|16|17,1,"$154,761.00",3,,,,,,,,,,,,,,,
23-Jan-19,,,,,,,,,,,,,,,,,,,
5650,4|10|12|15|16,2,"$182,424.00",6,,,,,,,,,,,,,,,
24-Jan-19,,,,,,,,,,,,,,,,,,,
5651,4|14|17|19|20,3,"$165,790.00",2,,,,,,,,,,,,,,,
25-Jan-19,,,,,,,,,,,,,,,,,,,
5652,6|7|13|16|17,1,"$169,390.00",10,,,,,,,,,,,,,,,
26-Jan-19,,,,,,,,,,,,,,,,,,,
5653,7|13|14|15|19,4,X,X,,,,,,,,,,,,,,,
28-Jan-19,,,,,,,,,,,,,,,,,,,
5654,4|6|11|12|18,4,"$178,812.00",6,,,,,,,,,,,,,,,
(adsbygoogle = window.adsbygoogle || []).push({});,,,,,,,,,,,,,,,,,,,
29-Jan-19,,,,,,,,,,,,,,,,,,,
5655,2|3|13|16|18,2,"$169,245.00",3,,,,,,,,,,,,,,,
30-Jan-19,,,,,,,,,,,,,,,,,,,
5656,4|5|11|14|16,4,"$194,850.00",6,,,,,,,,,,,,,,,
31-Jan-19,,,,,,,,,,,,,,,,,,,
5657,1|3|4|14|18,3,"$179,504.00",2,,,,,,,,,,,,,,,
01-Aug-19,,,,,,,,,,,,,,,,,,,
5809,2|7|9|15|18,3,"$130,050.00",6,,,,,,,,,,,,,,,
02-Aug-19,,,,,,,,,,,,,,,,,,,
5810,2|5|6|13|16,1,"$172,548.00",3,,,,,,,,,,,,,,,
03-Aug-19,,,,,,,,,,,,,,,,,,,
5811,6|8|11|12|13,3,X,X,,,,,,,,,,,,,,,
05-Aug-19,,,,,,,,,,,,,,,,,,,
5812,4|5|8|10|14,3,"$162,376.00",8,,,,,,,,,,,,,,,
06-Aug-19,,,,,,,,,,,,,,,,,,,
5813,3|7|11|16|20,2,"$156,568.00",8,,,,,,,,,,,,,,,
07-Aug-19,,,,,,,,,,,,,,,,,,,
5814,2|6|13|17|20,1,"$207,452.00",7,,,,,,,,,,,,,,,
08-Aug-19,,,,,,,,,,,,,,,,,,,
5815,4|7|11|13|18,2,"$159,296.00",4,,,,,,,,,,,,,,,
09-Aug-19,,,,,,,,,,,,,,,,,,,
5816,5|8|9|13|16,1,"$158,796.00",9,,,,,,,,,,,,,,,
10-Aug-19,,,,,,,,,,,,,,,,,,,
5817,8|9|10|14|18,3,"$228,760.00",7,,,,,,,,,,,,,,,
12-Aug-19,,,,,,,,,,,,,,,,,,,
5818,2|6|7|9|16,2,"$155,874.00",6,,,,,,,,,,,,,,,
13-Aug-19,,,,,,,,,,,,,,,,,,,
5819,1|3|7|8|20,3,"$152,394.00",6,,,,,,,,,,,,,,,
14-Aug-19,,,,,,,,,,,,,,,,,,,
5820,2|3|7|12|18,2,"$199,448.00",4,,,,,,,,,,,,,,,
(adsbygoogle = window.adsbygoogle || []).push({});,,,,,,,,,,,,,,,,,,,
15-Aug-19,,,,,,,,,,,,,,,,,,,
5821,2|3|7|8|10,3,"$168,822.00",9,,,,,,,,,,,,,,,
16-Aug-19,,,,,,,,,,,,,,,,,,,
5822,3|9|10|13|20,2,"$178,374.00",6,,,,,,,,,,,,,,,
17-Aug-19,,,,,,,,,,,,,,,,,,,
5823,1|2|5|7|13,2,X,X,,,,,,,,,,,,,,,
19-Aug-19,,,,,,,,,,,,,,,,,,,
5824,8|10|11|13|20,3,"$163,410.00",6,,,,,,,,,,,,,,,
20-Aug-19,,,,,,,,,,,,,,,,,,,
5825,5|6|13|15|18,1,"$151,470.00",6,,,,,,,,,,,,,,,
21-Aug-19,,,,,,,,,,,,,,,,,,,
5826,1|9|10|12|14,1,"$171,156.00",6,,,,,,,,,,,,,,,
22-Aug-19,,,,,,,,,,,,,,,,,,,
5827,2|11|14|17|20,4,"$152,251.00",11,,,,,,,,,,,,,,,
23-Aug-19,,,,,,,,,,,,,,,,,,,
5828,3|5|12|15|17,1,"$150,687.00",9,,,,,,,,,,,,,,,
24-Aug-19,,,,,,,,,,,,,,,,,,,
5829,4|6|7|13|17,3,X,X,,,,,,,,,,,,,,,
26-Aug-19,,,,,,,,,,,,,,,,,,,
5830,3|6|7|10|13,2,"$148,240.00",10,,,,,,,,,,,,,,,
27-Aug-19,,,,,,,,,,,,,,,,,,,
5831,4|6|7|8|9,1,"$135,000.00",27,,,,,,,,,,,,,,,
28-Aug-19,,,,,,,,,,,,,,,,,,,
5832,8|10|11|14|17,2,"$167,256.00",4,,,,,,,,,,,,,,,
(adsbygoogle = window.adsbygoogle || []).push({});,,,,,,,,,,,,,,,,,,,
29-Aug-19,,,,,,,,,,,,,,,,,,,
5833,3|6|8|10|20,4,"$157,304.00",8,,,,,,,,,,,,,,,
30-Aug-19,,,,,,,,,,,,,,,,,,,
5834,1|2|3|14|15,2,"$161,814.00",6,,,,,,,,,,,,,,,
31-Aug-19,,,,,,,,,,,,,,,,,,,
5835,8|11|12|14|19,4,X,X,,,,,,,,,,,,,,,
01-Jun-19,,,,,,,,,,,,,,,,,,,
5759,4|5|14|16|20,2,X,X,,,,,,,,,,,,,,,
03-Jun-19,,,,,,,,,,,,,,,,,,,
5760,5|6|8|9|16,4,"$178,530.00",6,,,,,,,,,,,,,,,
04-Jun-19,,,,,,,,,,,,,,,,,,,
5761,1|8|13|14|15,1,"$174,894.00",3,,,,,,,,,,,,,,,
06-Jun-19,,,,,,,,,,,,,,,,,,,
5762,2|5|12|13|16,3,"$178,288.00",8,,,,,,,,,,,,,,,
07-Jun-19,,,,,,,,,,,,,,,,,,,
5763,5|6|14|18|19,1,"$167,940.00",9,,,,,,,,,,,,,,,
08-Jun-19,,,,,,,,,,,,,,,,,,,
5764,9|10|14|15|16,2,"$233,320.00",10,,,,,,,,,,,,,,,
10-Jun-19,,,,,,,,,,,,,,,,,,,
5765,3|4|14|19|20,3,"$166,544.00",7,,,,,,,,,,,,,,,
11-Jun-19,,,,,,,,,,,,,,,,,,,
5766,6|7|9|14|15,1,"$147,876.00",3,,,,,,,,,,,,,,,
12-Jun-19,,,,,,,,,,,,,,,,,,,
5767,2|3|9|10|18,1,"$179,312.00",7,,,,,,,,,,,,,,,
13-Jun-19,,,,,,,,,,,,,,,,,,,
5768,3|6|11|12|18,3,"$162,349.00",1,,,,,,,,,,,,,,,
14-Jun-19,,,,,,,,,,,,,,,,,,,
5769,2|5|9|18|20,3,"$171,392.00",8,,,,,,,,,,,,,,,
15-Jun-19,,,,,,,,,,,,,,,,,,,
5770,4|9|15|17|19,2,X,X,,,,,,,,,,,,,,,
(adsbygoogle = window.adsbygoogle || []).push({});,,,,,,,,,,,,,,,,,,,
17-Jun-19,,,,,,,,,,,,,,,,,,,
5771,5|8|9|19|20,3,"$162,090.00",10,,,,,,,,,,,,,,,
18-Jun-19,,,,,,,,,,,,,,,,,,,
5772,5|9|10|16|18,1,"$160,632.00",6,,,,,,,,,,,,,,,
19-Jun-19,,,,,,,,,,,,,,,,,,,
5773,6|12|13|15|19,1,"$150,410.00",10,,,,,,,,,,,,,,,
21-Jun-19,,,,,,,,,,,,,,,,,,,
5774,1|4|8|13|17,1,"$156,546.00",9,,,,,,,,,,,,,,,
22-Jun-19,,,,,,,,,,,,,,,,,,,
5775,3|4|12|18|19,2,"$210,618.00",9,,,,,,,,,,,,,,,
24-Jun-19,,,,,,,,,,,,,,,,,,,
5776,2|6|9|14|15,4,"$148,956.00",12,,,,,,,,,,,,,,,
25-Jun-19,,,,,,,,,,,,,,,,,,,
5777,4|5|11|15|16,1,X,X,,,,,,,,,,,,,,,
26-Jun-19,,,,,,,,,,,,,,,,,,,
5778,3|4|7|10|13,4,"$173,079.00",9,,,,,,,,,,,,,,,
27-Jun-19,,,,,,,,,,,,,,,,,,,
5779,1|5|6|10|12,3,"$168,384.00",6,,,,,,,,,,,,,,,
28-Jun-19,,,,,,,,,,,,,,,,,,,
5780,4|5|9|10|17,4,"$172,746.00",7,,,,,,,,,,,,,,,
29-Jun-19,,,,,,,,,,,,,,,,,,,
5781,3|4|5|8|19,2,X,X,,,,,,,,,,,,,,,
01-Mar-19,,,,,,,,,,,,,,,,,,,
5682,7|10|11|14|18,1,"$186,683.00",7,,,,,,,,,,,,,,,
02-Mar-19,,,,,,,,,,,,,,,,,,,
5683,1|4|12|17|19,2,"$271,575.00",5,,,,,,,,,,,,,,,
04-Mar-19,,,,,,,,,,,,,,,,,,,
5684,9|13|14|15|19,3,"$123,580.00",5,,,,,,,,,,,,,,,
05-Mar-19,,,,,,,,,,,,,,,,,,,
5685,7|9|10|18|20,1,"$111,220.00",5,,,,,,,,,,,,,,,
06-Mar-19,,,,,,,,,,,,,,,,,,,
5686,2|4|6|17|19,4,"$203,165.00",5,,,,,,,,,,,,,,,
07-Mar-19,,,,,,,,,,,,,,,,,,,
5687,8|13|14|17|18,2,"$166,074.00",3,,,,,,,,,,,,,,,
08-Mar-19,,,,,,,,,,,,,,,,,,,
5688,3|9|12|14|20,1,"$168,005.00",5,,,,,,,,,,,,,,,
09-Mar-19,,,,,,,,,,,,,,,,,,,
5689,1|10|12|14|17,3,"$216,930.00",5,,,,,,,,,,,,,,,
11-Mar-19,,,,,,,,,,,,,,,,,,,
5690,2|6|9|10|15,3,"$161,435.00",5,,,,,,,,,,,,,,,
12-Mar-19,,,,,,,,,,,,,,,,,,,
5691,2|3|4|9|10,3,"$151,362.00",9,,,,,,,,,,,,,,,
13-Mar-19,,,,,,,,,,,,,,,,,,,
5692,3|11|15|17|18,4,"$184,074.00",11,,,,,,,,,,,,,,,
14-Mar-19,,,,,,,,,,,,,,,,,,,
5693,1|4|6|10|13,2,"$168,318.00",6,,,,,,,,,,,,,,,
(adsbygoogle = window.adsbygoogle || []).push({});,,,,,,,,,,,,,,,,,,,
15-Mar-19,,,,,,,,,,,,,,,,,,,
5694,2|6|12|15|16,4,"$174,990.00",5,,,,,,,,,,,,,,,
16-Mar-19,,,,,,,,,,,,,,,,,,,
5695,1|5|10|13|15,2,"$229,048.00",8,,,,,,,,,,,,,,,
18-Mar-19,,,,,,,,,,,,,,,,,,,
5696,5|7|11|17|20,3,"$161,560.00",10,,,,,,,,,,,,,,,
19-Mar-19,,,,,,,,,,,,,,,,,,,
5697,9|12|13|15|19,1,"$157,800.00",2,,,,,,,,,,,,,,,
20-Mar-19,,,,,,,,,,,,,,,,,,,
5698,4|7|9|10|15,1,"$179,736.00",8,,,,,,,,,,,,,,,
21-Mar-19,,,,,,,,,,,,,,,,,,,
5699,1|2|6|14|20,2,"$162,276.00",4,,,,,,,,,,,,,,,
22-Mar-19,,,,,,,,,,,,,,,,,,,
5700,2|3|14|18|19,4,"$151,120.00",4,,,,,,,,,,,,,,,
23-Mar-19,,,,,,,,,,,,,,,,,,,
5701,2|8|12|17|20,3,X,X,,,,,,,,,,,,,,,
25-Mar-19,,,,,,,,,,,,,,,,,,,
5702,2|7|14|16|19,3,"$145,159.00",7,,,,,,,,,,,,,,,
26-Mar-19,,,,,,,,,,,,,,,,,,,
5703,2|4|16|19|20,3,"$153,640.00",4,,,,,,,,,,,,,,,
27-Mar-19,,,,,,,,,,,,,,,,,,,
5704,1|2|5|8|11,1,"$186,435.00",9,,,,,,,,,,,,,,,
28-Mar-19,,,,,,,,,,,,,,,,,,,
5705,5|8|13|17|20,2,"$173,912.00",8,,,,,,,,,,,,,,,
29-Mar-19,,,,,,,,,,,,,,,,,,,
5706,3|5|7|12|16,1,X,X,,,,,,,,,,,,,,,
01-May-19,,,,,,,,,,,,,,,,,,,
5732,6|8|16|17|18,4,"$227,472.00",8,,,,,,,,,,,,,,,
02-May-19,,,,,,,,,,,,,,,,,,,
5733,2|10|11|17|19,3,"$187,467.00",7,,,,,,,,,,,,,,,
03-May-19,,,,,,,,,,,,,,,,,,,
5734,11|14|18|19|20,1,"$178,836.00",6,,,,,,,,,,,,,,,
04-May-19,,,,,,,,,,,,,,,,,,,
5735,1|3|9|13|15,3,X,X,,,,,,,,,,,,,,,
06-May-19,,,,,,,,,,,,,,,,,,,
5736,4|5|9|12|20,2,"$167,772.00",12,,,,,,,,,,,,,,,
07-May-19,,,,,,,,,,,,,,,,,,,
5737,2|4|13|16|17,4,"$163,167.00",3,,,,,,,,,,,,,,,
08-May-19,,,,,,,,,,,,,,,,,,,
5738,8|12|17|18|20,4,"$217,200.00",5,,,,,,,,,,,,,,,
09-May-19,,,,,,,,,,,,,,,,,,,
5739,6|8|12|14|20,4,"$170,605.00",5,,,,,,,,,,,,,,,
10-May-19,,,,,,,,,,,,,,,,,,,
5740,1|2|8|15|20,1,"$178,962.00",7,,,,,,,,,,,,,,,
11-May-19,,,,,,,,,,,,,,,,,,,
5741,1|2|3|15|18,4,X,X,,,,,,,,,,,,,,,
13-May-19,,,,,,,,,,,,,,,,,,,
5742,1|9|11|15|17,3,"$165,303.00",3,,,,,,,,,,,,,,,
14-May-19,,,,,,,,,,,,,,,,,,,
5743,7|14|15|18|19,3,"$200,334.00",519,,,,,,,,,,,,,,,
(adsbygoogle = window.adsbygoogle || []).push({});,,,,,,,,,,,,,,,,,,,
15-May-19,,,,,,,,,,,,,,,,,,,
5744,1|3|4|7|11,1,"$235,158.00",11,,,,,,,,,,,,,,,
16-May-19,,,,,,,,,,,,,,,,,,,
5745,6|13|14|16|18,3,"$182,574.00",7,,,,,,,,,,,,,,,
17-May-19,,,,,,,,,,,,,,,,,,,
5746,1|9|10|13|16,4,"$182,868.00",6,,,,,,,,,,,,,,,
18-May-19,,,,,,,,,,,,,,,,,,,
5747,2|6|13|15|17,4,"$269,520.00",12,,,,,,,,,,,,,,,
20-May-19,,,,,,,,,,,,,,,,,,,
5748,3|13|16|18|19,4,"$167,490.00",5,,,,,,,,,,,,,,,
21-May-19,,,,,,,,,,,,,,,,,,,
5749,1|3|4|11|15,1,"$156,685.00",5,,,,,,,,,,,,,,,
22-May-19,,,,,,,,,,,,,,,,,,,
5750,3|4|13|18|20,3,"$182,230.00",5,,,,,,,,,,,,,,,
23-May-19,,,,,,,,,,,,,,,,,,,
5751,1|11|12|13|18,2,"$170,624.00",4,,,,,,,,,,,,,,,
24-May-19,,,,,,,,,,,,,,,,,,,
5752,5|7|13|16|19,3,"$165,025.00",5,,,,,,,,,,,,,,,
25-May-19,,,,,,,,,,,,,,,,,,,
5753,2|6|7|14|16,4,"$219,681.00",9,,,,,,,,,,,,,,,
27-May-19,,,,,,,,,,,,,,,,,,,
5754,6|11|13|18|19,4,"$174,474.00",9,,,,,,,,,,,,,,,
28-May-19,,,,,,,,,,,,,,,,,,,
5755,6|10|11|12|16,1,"$160,152.00",8,,,,,,,,,,,,,,,
(adsbygoogle = window.adsbygoogle || []).push({});,,,,,,,,,,,,,,,,,,,
29-May-19,,,,,,,,,,,,,,,,,,,
5756,2|6|8|10|19,1,"$198,540.00",4,,,,,,,,,,,,,,,
30-May-19,,,,,,,,,,,,,,,,,,,
5757,6|12|15|17|18,4,"$127,608.00",2,,,,,,,,,,,,,,,
31-May-19,,,,,,,,,,,,,,,,,,,
5758,1|7|13|14|19,1,"$170,821.00",7,,,,,,,,,,,,,,,
02-Dec-19,,,,,,,,,,,,,,,,,,,
5914,1|5|8|10|14,2,"$173,360.00",10,,,,,,,,,,,,,,,
03-Dec-19,,,,,,,,,,,,,,,,,,,
5915,1|3|6|14|15,1,"$166,605.00",3,,,,,,,,,,,,,,,
04-Dec-19,,,,,,,,,,,,,,,,,,,
5916,2|9|12|16|20,1,"$194,790.00",6,,,,,,,,,,,,,,,
05-Dec-19,,,,,,,,,,,,,,,,,,,
5917,3|9|12|15|20,4,"$173,415.00",3,,,,,,,,,,,,,,,
06-Dec-19,,,,,,,,,,,,,,,,,,,
5918,5|12|13|15|19,1,"$170,544.00",6,,,,,,,,,,,,,,,
07-Dec-19,,,,,,,,,,,,,,,,,,,
5919,7|9|13|14|16,2,"$240,456.00",8,,,,,,,,,,,,,,,
09-Dec-19,,,,,,,,,,,,,,,,,,,
5920,2|6|9|17|20,3,"$167,356.00",4,,,,,,,,,,,,,,,
10-Dec-19,,,,,,,,,,,,,,,,,,,
5921,4|5|6|14|16,4,"$154,560.00",16,,,,,,,,,,,,,,,
11-Dec-19,,,,,,,,,,,,,,,,,,,
5922,3|5|7|16|18,1,"$181,456.00",8,,,,,,,,,,,,,,,
12-Dec-19,,,,,,,,,,,,,,,,,,,
5923,1|6|9|11|17,3,"$164,890.00",11,,,,,,,,,,,,,,,
13-Dec-19,,,,,,,,,,,,,,,,,,,
5924,2|4|10|11|18,1,"$163,565.00",5,,,,,,,,,,,,,,,
14-Dec-19,,,,,,,,,,,,,,,,,,,
5925,2|4|7|9|16,3,X,X,,,,,,,,,,,,,,,
(adsbygoogle = window.adsbygoogle || []).push({});,,,,,,,,,,,,,,,,,,,
16-Dec-19,,,,,,,,,,,,,,,,,,,
5926,3|4|6|9|12,3,"$175,966.00",14,,,,,,,,,,,,,,,
17-Dec-19,,,,,,,,,,,,,,,,,,,
5927,6|7|15|18|19,3,"$166,240.00",4,,,,,,,,,,,,,,,
18-Dec-19,,,,,,,,,,,,,,,,,,,
5928,3|5|9|18|20,1,"$220,482.00",6,,,,,,,,,,,,,,,
19-Dec-19,,,,,,,,,,,,,,,,,,,
5929,2|12|13|16|17,3,"$180,330.00",10,,,,,,,,,,,,,,,
20-Dec-19,,,,,,,,,,,,,,,,,,,
5930,1|5|6|12|16,1,"$230,399.00",481,,,,,,,,,,,,,,,
21-Dec-19,,,,,,,,,,,,,,,,,,,
5931,2|6|9|15|20,2,"$267,525.00",15,,,,,,,,,,,,,,,
23-Dec-19,,,,,,,,,,,,,,,,,,,
5932,3|4|12|15|16,3,"$181,280.00",8,,,,,,,,,,,,,,,
24-Dec-19,,,,,,,,,,,,,,,,,,,
5933,4|7|8|9|18,4,"$178,074.00",2,,,,,,,,,,,,,,,
26-Dec-19,,,,,,,,,,,,,,,,,,,
5934,5|6|7|11|16,4,"$125,484.00",4,,,,,,,,,,,,,,,
27-Dec-19,,,,,,,,,,,,,,,,,,,
5935,2|4|6|7|16,1,"$160,612.00",4,,,,,,,,,,,,,,,
28-Dec-19,,,,,,,,,,,,,,,,,,,
5936,3|4|12|15|20,3,X,X,,,,,,,,,,,,,,,
30-Dec-19,,,,,,,,,,,,,,,,,,,
5937,6|8|9|18|19,3,"$174,207.00",11,,,,,,,,,,,,,,,
31-Dec-19,,,,,,,,,,,,,,,,,,,
5938,4|5|11|13|16,1,"$196,920.00",12,,,,,,,,,,,,,,,
01-Nov-19,,,,,,,,,,,,,,,,,,,
5888,4|10|13|15|16,1,"$173,256.00",12,,,,,,,,,,,,,,,
02-Nov-19,,,,,,,,,,,,,,,,,,,
5889,9|13|14|15|20,3,"$238,728.00",8,,,,,,,,,,,,,,,
04-Nov-19,,,,,,,,,,,,,,,,,,,
5890,1|6|7|13|16,3,"$175,260.00",4,,,,,,,,,,,,,,,
05-Nov-19,,,,,,,,,,,,,,,,,,,
5891,9|10|15|16|18,1,"$154,170.00",2,,,,,,,,,,,,,,,
06-Nov-19,,,,,,,,,,,,,,,,,,,
5892,4|6|9|14|19,1,"$185,067.00",9,,,,,,,,,,,,,,,
07-Nov-19,,,,,,,,,,,,,,,,,,,
5893,5|11|15|17|20,4,"$159,271.00",7,,,,,,,,,,,,,,,
08-Nov-19,,,,,,,,,,,,,,,,,,,
5894,6|8|12|13|20,1,"$157,752.00",8,,,,,,,,,,,,,,,
09-Nov-19,,,,,,,,,,,,,,,,,,,
5895,1|2|9|12|18,2,"$218,482.00",11,,,,,,,,,,,,,,,
11-Nov-19,,,,,,,,,,,,,,,,,,,
5896,2|3|5|13|17,4,"$155,628.00",4,,,,,,,,,,,,,,,
12-Nov-19,,,,,,,,,,,,,,,,,,,
5897,6|7|8|17|18,3,"$146,195.00",5,,,,,,,,,,,,,,,
13-Nov-19,,,,,,,,,,,,,,,,,,,
5898,1|5|7|14|16,1,"$176,744.00",8,,,,,,,,,,,,,,,
14-Nov-19,,,,,,,,,,,,,,,,,,,
5899,1|2|15|18|19,4,"$150,456.00",4,,,,,,,,,,,,,,,
(adsbygoogle = window.adsbygoogle || []).push({});,,,,,,,,,,,,,,,,,,,
15-Nov-19,,,,,,,,,,,,,,,,,,,
5900,4|5|6|15|18,3,"$159,546.00",3,,,,,,,,,,,,,,,
16-Nov-19,,,,,,,,,,,,,,,,,,,
5901,6|8|13|18|19,4,X,X,,,,,,,,,,,,,,,
18-Nov-19,,,,,,,,,,,,,,,,,,,
5902,5|7|8|12|18,3,"$162,384.00",4,,,,,,,,,,,,,,,
19-Nov-19,,,,,,,,,,,,,,,,,,,
5903,2|3|10|18|20,1,"$150,516.00",2,,,,,,,,,,,,,,,
20-Nov-19,,,,,,,,,,,,,,,,,,,
5904,5|7|10|11|18,1,"$178,376.00",11,,,,,,,,,,,,,,,
21-Nov-19,,,,,,,,,,,,,,,,,,,
5905,1|8|15|16|18,4,"$160,536.00",8,,,,,,,,,,,,,,,
22-Nov-19,,,,,,,,,,,,,,,,,,,
5906,3|5|10|12|13,1,"$148,939.00",7,,,,,,,,,,,,,,,
23-Nov-19,,,,,,,,,,,,,,,,,,,
5907,4|5|9|13|18,2,X,X,,,,,,,,,,,,,,,
25-Nov-19,,,,,,,,,,,,,,,,,,,
5908,11|13|14|15|18,3,"$154,092.00",4,,,,,,,,,,,,,,,
26-Nov-19,,,,,,,,,,,,,,,,,,,
5909,1|3|4|12|14,2,"$151,752.00",2,,,,,,,,,,,,,,,
27-Nov-19,,,,,,,,,,,,,,,,,,,
5910,1|6|7|10|11,3,"$194,790.00",5,,,,,,,,,,,,,,,
28-Nov-19,,,,,,,,,,,,,,,,,,,
5911,1|11|15|18|19,3,"$172,784.00",2,,,,,,,,,,,,,,,
29-Nov-19,,,,,,,,,,,,,,,,,,,
5912,3|7|12|13|16,1,"$167,592.00",12,,,,,,,,,,,,,,,
30-Nov-19,,,,,,,,,,,,,,,,,,,
5913,4|12|14|15|20,3,X,X,,,,,,,,,,,,,,,
01-Oct-19,,,,,,,,,,,,,,,,,,,
5861,2|3|12|19|20,1,"$165,578.00",14,,,,,,,,,,,,,,,
02-Oct-19,,,,,,,,,,,,,,,,,,,
5862,1|7|9|15|20,3,"$193,200.00",12,,,,,,,,,,,,,,,
03-Oct-19,,,,,,,,,,,,,,,,,,,
5863,2|3|6|9|18,4,"$157,944.00",8,,,,,,,,,,,,,,,
04-Oct-19,,,,,,,,,,,,,,,,,,,
5864,5|11|12|14|15,4,"$158,958.00",6,,,,,,,,,,,,,,,
05-Oct-19,,,,,,,,,,,,,,,,,,,
5865,3|7|10|15|20,3,"$225,150.00",15,,,,,,,,,,,,,,,
07-Oct-19,,,,,,,,,,,,,,,,,,,
5866,1|5|6|8|10,4,"$157,266.00",9,,,,,,,,,,,,,,,
08-Oct-19,,,,,,,,,,,,,,,,,,,
5867,9|12|16|17|19,4,"$149,034.00",6,,,,,,,,,,,,,,,
09-Oct-19,,,,,,,,,,,,,,,,,,,
5868,4|6|7|10|11,1,"$180,270.00",10,,,,,,,,,,,,,,,
10-Oct-19,,,,,,,,,,,,,,,,,,,
5869,4|9|10|17|18,4,"$154,320.00",6,,,,,,,,,,,,,,,
11-Oct-19,,,,,,,,,,,,,,,,,,,
5870,8|9|10|11|18,2,"$152,361.00",3,,,,,,,,,,,,,,,
12-Oct-19,,,,,,,,,,,,,,,,,,,
5871,7|13|14|16|18,3,X,X,,,,,,,,,,,,,,,
14-Oct-19,,,,,,,,,,,,,,,,,,,
5872,1|3|6|9|11,3,"$153,752.00",8,,,,,,,,,,,,,,,
(adsbygoogle = window.adsbygoogle || []).push({});,,,,,,,,,,,,,,,,,,,
15-Oct-19,,,,,,,,,,,,,,,,,,,
5873,4|11|13|14|18,4,"$151,875.00",5,,,,,,,,,,,,,,,
16-Oct-19,,,,,,,,,,,,,,,,,,,
5874,5|12|13|16|19,2,"$215,745.00",15,,,,,,,,,,,,,,,
17-Oct-19,,,,,,,,,,,,,,,,,,,
5875,8|9|10|15|18,3,"$163,602.00",6,,,,,,,,,,,,,,,
18-Oct-19,,,,,,,,,,,,,,,,,,,
5876,3|4|6|8|19,2,"$158,330.00",10,,,,,,,,,,,,,,,
19-Oct-19,,,,,,,,,,,,,,,,,,,
5877,7|10|11|15|18,2,X,X,,,,,,,,,,,,,,,
21-Oct-19,,,,,,,,,,,,,,,,,,,
5878,1|2|9|14|19,3,"$153,282.00",2,,,,,,,,,,,,,,,
22-Oct-19,,,,,,,,,,,,,,,,,,,
5879,5|6|7|16|17,1,"$142,672.00",8,,,,,,,,,,,,,,,
23-Oct-19,,,,,,,,,,,,,,,,,,,
5880,2|7|12|15|16,3,"$193,508.00",7,,,,,,,,,,,,,,,
24-Oct-19,,,,,,,,,,,,,,,,,,,
5881,11|15|16|18|20,2,"$165,348.00",6,,,,,,,,,,,,,,,
25-Oct-19,,,,,,,,,,,,,,,,,,,
5882,5|7|8|9|11,4,"$155,312.00",8,,,,,,,,,,,,,,,
26-Oct-19,,,,,,,,,,,,,,,,,,,
5883,1|7|15|17|18,2,X,X,,,,,,,,,,,,,,,
28-Oct-19,,,,,,,,,,,,,,,,,,,
5884,1|2|5|11|20,4,"$111,648.00",2,,,,,,,,,,,,,,,
(adsbygoogle = window.adsbygoogle || []).push({});,,,,,,,,,,,,,,,,,,,
29-Oct-19,,,,,,,,,,,,,,,,,,,
5885,2|9|14|15|20,2,"$146,840.00",8,,,,,,,,,,,,,,,
30-Oct-19,,,,,,,,,,,,,,,,,,,
5886,3|8|17|19|20,1,"$177,680.00",4,,,,,,,,,,,,,,,
31-Oct-19,,,,,,,,,,,,,,,,,,,
5887,10|12|13|17|19,3,"$168,294.00",3,,,,,,,,,,,,,,,
02-Mar-20,,,,,,,,,,,,,,,,,,,
5991,1|6|14|17|20,4,X,X,,,,,,,,,,,,,,,
03-Mar-20,,,,,,,,,,,,,,,,,,,
5992,10|12|14|15|18,1,"$170,984.00",8,,,,,,,,,,,,,,,
04-Mar-20,,,,,,,,,,,,,,,,,,,
5993,1|5|15|17|20,1,X,X,,,,,,,,,,,,,,,
05-Mar-20,,,,,,,,,,,,,,,,,,,
5994,2|3|5|11|20,2,"$168,056.00",8,,,,,,,,,,,,,,,
06-Mar-20,,,,,,,,,,,,,,,,,,,
5995,2|11|13|16|17,4,"$157,602.00",3,,,,,,,,,,,,,,,
07-Mar-20,,,,,,,,,,,,,,,,,,,
5996,1|3|6|15|20,2,X,X,,,,,,,,,,,,,,,
09-Mar-20,,,,,,,,,,,,,,,,,,,
5997,3|7|9|14|20,3,"$162,860.00",10,,,,,,,,,,,,,,,
10-Mar-20,,,,,,,,,,,,,,,,,,,
5998,5|6|8|11|17,1,"$148,122.00",3,,,,,,,,,,,,,,,
11-Mar-20,,,,,,,,,,,,,,,,,,,
5999,5|6|17|18|20,1,"$184,788.00",4,,,,,,,,,,,,,,,
12-Mar-20,,,,,,,,,,,,,,,,,,,
6000,3|7|9|14|15,2,X,X,,,,,,,,,,,,,,,
13-Mar-20,,,,,,,,,,,,,,,,,,,
6001,1|7|17|18|19,1,"$154,450.00",5,,,,,,,,,,,,,,,
14-Mar-20,,,,,,,,,,,,,,,,,,,
6002,6|11|13|15|19,4,X,X,,,,,,,,,,,,,,,
(adsbygoogle = window.adsbygoogle || []).push({});,,,,,,,,,,,,,,,,,,,
16-Mar-20,,,,,,,,,,,,,,,,,,,
6003,1|5|11|12|15,4,X,X,,,,,,,,,,,,,,,
17-Mar-20,,,,,,,,,,,,,,,,,,,
6004,4|11|13|15|18,1,"$139,154.00",2,,,,,,,,,,,,,,,
18-Mar-20,,,,,,,,,,,,,,,,,,,
6005,4|10|15|16|20,1,"$162,100.00",4,,,,,,,,,,,,,,,
19-Mar-20,,,,,,,,,,,,,,,,,,,
6006,1|2|5|12|15,3,X,X,,,,,,,,,,,,,,,
20-Mar-20,,,,,,,,,,,,,,,,,,,
6007,2|4|6|7|19,3,X,X,,,,,,,,,,,,,,,
21-Mar-20,,,,,,,,,,,,,,,,,,,
6008,2|7|8|9|19,2,X,X,,,,,,,,,,,,,,,
23-Mar-20,,,,,,,,,,,,,,,,,,,
6009,3|7|11|18|20,2,"$142,100.00",10,,,,,,,,,,,,,,,
24-Mar-20,,,,,,,,,,,,,,,,,,,
6010,7|8|13|15|17,3,"$122,635.00",5,,,,,,,,,,,,,,,
25-Mar-20,,,,,,,,,,,,,,,,,,,
6011,2|6|10|11|12,2,X,X,,,,,,,,,,,,,,,
26-Mar-20,,,,,,,,,,,,,,,,,,,
6012,1|4|5|7|9,2,X,X,,,,,,,,,,,,,,,
27-Mar-20,,,,,,,,,,,,,,,,,,,
6013,3|7|12|15|18,1,"$141,147.00",9,,,,,,,,,,,,,,,
28-Mar-20,,,,,,,,,,,,,,,,,,,
6014,7|11|15|16|20,4,X,X,,,,,,,,,,,,,,,
01-Feb-20,,,,,,,,,,,,,,,,,,,
5966,2|11|13|16|20,2,"$231,720.00",5,,,,,,,,,,,,,,,
03-Feb-20,,,,,,,,,,,,,,,,,,,
5967,1|6|8|18|20,4,"$172,944.00",3,,,,,,,,,,,,,,,
04-Feb-20,,,,,,,,,,,,,,,,,,,
5968,3|6|7|15|17,1,"$157,320.00",6,,,,,,,,,,,,,,,
05-Feb-20,,,,,,,,,,,,,,,,,,,
5969,2|3|6|11|16,1,"$182,870.00",10,,,,,,,,,,,,,,,
06-Feb-20,,,,,,,,,,,,,,,,,,,
5970,5|6|8|14|15,3,"$161,607.00",1,,,,,,,,,,,,,,,
07-Feb-20,,,,,,,,,,,,,,,,,,,
5971,3|7|12|18|19,1,"$156,090.00",5,,,,,,,,,,,,,,,
08-Feb-20,,,,,,,,,,,,,,,,,,,
5972,3|7|9|17|18,4,X,X,,,,,,,,,,,,,,,
10-Feb-20,,,,,,,,,,,,,,,,,,,
5973,3|5|8|11|15,3,"$157,780.00",10,,,,,,,,,,,,,,,
11-Feb-20,,,,,,,,,,,,,,,,,,,
5974,2|3|4|6|11,1,"$142,948.00",4,,,,,,,,,,,,,,,
12-Feb-20,,,,,,,,,,,,,,,,,,,
5975,5|7|14|18|20,1,X,X,,,,,,,,,,,,,,,
13-Feb-20,,,,,,,,,,,,,,,,,,,
5976,6|9|14|15|17,4,"$153,144.00",8,,,,,,,,,,,,,,,
14-Feb-20,,,,,,,,,,,,,,,,,,,
5977,7|10|11|12|13,1,"$152,196.00",11,,,,,,,,,,,,,,,
(adsbygoogle = window.adsbygoogle || []).push({});,,,,,,,,,,,,,,,,,,,
15-Feb-20,,,,,,,,,,,,,,,,,,,
5978,5|6|11|15|17,2,X,X,,,,,,,,,,,,,,,
17-Feb-20,,,,,,,,,,,,,,,,,,,
5979,2|4|12|19|20,2,"$164,136.00",6,,,,,,,,,,,,,,,
18-Feb-20,,,,,,,,,,,,,,,,,,,
5980,2|4|8|9|13,3,"$146,055.00",5,,,,,,,,,,,,,,,
19-Feb-20,,,,,,,,,,,,,,,,,,,
5981,1|2|4|14|17,1,"$174,033.00",9,,,,,,,,,,,,,,,
20-Feb-20,,,,,,,,,,,,,,,,,,,
5982,8|10|15|18|20,4,"$158,062.00",2,,,,,,,,,,,,,,,
21-Feb-20,,,,,,,,,,,,,,,,,,,
5983,6|9|10|14|19,3,"$150,030.00",6,,,,,,,,,,,,,,,
22-Feb-20,,,,,,,,,,,,,,,,,,,
5984,4|12|15|16|19,3,"$218,652.00",7,,,,,,,,,,,,,,,
24-Feb-20,,,,,,,,,,,,,,,,,,,
5985,4|8|11|14|20,4,"$117,595.00",5,,,,,,,,,,,,,,,
25-Feb-20,,,,,,,,,,,,,,,,,,,
5986,1|5|8|12|17,4,"$102,972.00",3,,,,,,,,,,,,,,,
26-Feb-20,,,,,,,,,,,,,,,,,,,
5987,3|4|7|16|18,1,"$166,230.00",3,,,,,,,,,,,,,,,
27-Feb-20,,,,,,,,,,,,,,,,,,,
5988,3|8|9|10|15,2,"$160,206.00",3,,,,,,,,,,,,,,,
28-Feb-20,,,,,,,,,,,,,,,,,,,
5989,7|10|13|17|19,3,"$160,716.00",4,,,,,,,,,,,,,,,
29-Feb-20,,,,,,,,,,,,,,,,,,,
5990,1|3|5|7|8,3,"$236,656.00",16,,,,,,,,,,,,,,,
01-Jun-20,,,,,,,,,,,,,,,,,,,
6015,4|6|10|15|19,4,X,X,,,,,,,,,,,,,,,
02-Jun-20,,,,,,,,,,,,,,,,,,,
6016,6|11|12|14|20,1,X,X,,,,,,,,,,,,,,,
03-Jun-20,,,,,,,,,,,,,,,,,,,
6017,2|8|12|17|18,1,X,X,,,,,,,,,,,,,,,
04-Jun-20,,,,,,,,,,,,,,,,,,,
6018,4|7|10|11|13,2,X,X,,,,,,,,,,,,,,,
05-Jun-20,,,,,,,,,,,,,,,,,,,
6019,1|13|15|16|18,4,X,X,,,,,,,,,,,,,,,
06-Jun-20,,,,,,,,,,,,,,,,,,,
6020,5|11|13|17|19,4,X,X,,,,,,,,,,,,,,,
08-Jun-20,,,,,,,,,,,,,,,,,,,
6021,3|8|13|15|17,3,X,X,,,,,,,,,,,,,,,
09-Jun-20,,,,,,,,,,,,,,,,,,,
6022,3|11|12|14|17,1,X,X,,,,,,,,,,,,,,,
10-Jun-20,,,,,,,,,,,,,,,,,,,
6023,6|11|12|13|14,3,X,X,,,,,,,,,,,,,,,
12-Jun-20,,,,,,,,,,,,,,,,,,,
6024,5|6|9|15|20,1,X,X,,,,,,,,,,,,,,,
13-Jun-20,,,,,,,,,,,,,,,,,,,
6025,2|6|11|15|20,3,X,X,,,,,,,,,,,,,,,
15-Jun-20,,,,,,,,,,,,,,,,,,,
6026,2|5|6|15|16,3,X,X,,,,,,,,,,,,,,,
(adsbygoogle = window.adsbygoogle || []).push({});,,,,,,,,,,,,,,,,,,,
16-Jun-20,,,,,,,,,,,,,,,,,,,
6027,7|13|14|17|20,1,X,X,,,,,,,,,,,,,,,
17-Jun-20,,,,,,,,,,,,,,,,,,,
6028,10|12|15|17|19,1,X,X,,,,,,,,,,,,,,,
18-Jun-20,,,,,,,,,,,,,,,,,,,
6029,4|9|12|16|18,3,X,X,,,,,,,,,,,,,,,
19-Jun-20,,,,,,,,,,,,,,,,,,,
6030,2|5|8|15|18,1,X,X,,,,,,,,,,,,,,,
20-Jun-20,,,,,,,,,,,,,,,,,,,
6031,1|4|6|11|17,2,X,X,,,,,,,,,,,,,,,
22-Jun-20,,,,,,,,,,,,,,,,,,,
6032,2|3|18|19|20,2,X,X,,,,,,,,,,,,,,,
23-Jun-20,,,,,,,,,,,,,,,,,,,
6033,7|15|16|17|19,1,X,X,,,,,,,,,,,,,,,
24-Jun-20,,,,,,,,,,,,,,,,,,,
6034,2|8|11|14|20,4,X,X,,,,,,,,,,,,,,,
25-Jun-20,,,,,,,,,,,,,,,,,,,
6035,2|3|5|9|15,2,X,X,,,,,,,,,,,,,,,
26-Jun-20,,,,,,,,,,,,,,,,,,,
6036,2|10|13|17|19,1,X,X,,,,,,,,,,,,,,,
